Barcode,Cluster
AAACATACAGTACC-1,2
AAACATACCATTCT-1,1
AAACATACTCGCAA-1,1
AAACCGTGGCCATA-1,1
AAACCGTGTCGTGA-1,2
AAACGCACCTTATC-1,2
AAACGCACGCAGTT-1,3
AAACGCACTCCTCG-1,1
AAACGCACTCGCCT-1,1
AAACGCTGCGCCTT-1,1
AAACGCTGCTGACA-1,1
AAACGCTGTTCTTG-1,1
AAACGGCTGGTACT-1,1
AAACTTGACATGGT-1,1
AAACTTGAGCGTAT-1,1
AAACTTGATGCGTA-1,2
AAACTTGATTTACC-1,1
AAAGACGAAGGTCT-1,3
AAAGACGACCCGTT-1,1
AAAGACGAGAATGA-1,2
AAAGACGAGTGTCA-1,1
AAAGACGAGTTGCA-1,1
AAAGACGATAGCCA-1,2
AAAGATCTCACTTT-1,2
AAAGCAGAAGTCAC-1,1
AAAGCAGATGTGAC-1,1
AAAGCCTGCGTTGA-1,1
AAAGGCCTCAGAAA-1,1
AAAGGCCTCGTCTC-1,2
AAAGGCCTGTTGTG-1,1
AAAGGCCTTATTCC-1,1
AAAGGCCTTTCATC-1,1
AAAGTTTGCAAAGA-1,1
AAAGTTTGCTGATG-1,1
AAAGTTTGTCACGA-1,2
AAATACTGACCTGA-1,1
AAATACTGCCTTCG-1,2
AAATACTGCTCATT-1,1
AAATACTGGTCTGA-1,1
AAATACTGGTTCTT-1,1
AAATCAACTGGCAT-1,2
AAATCCCTAATCGC-1,1
AAATCCCTATGTCG-1,3
AAATCCCTTTCCAT-1,1
AAATCTGAAGTAGA-1,3
AAATCTGAGTCGTA-1,1
AAATCTGATAGCGT-1,1
AAATCTGATCCTGC-1,1
AAATGTTGATGGTC-1,3
AAATGTTGCTATTC-1,1
AAATGTTGGAATCC-1,3
AAATTCGACAGCTA-1,1
AAATTCGATTCGGA-1,1
AAATTCGATTTCAC-1,3
AAATTGACACCTGA-1,3
AAATTGACGTCTAG-1,1
AAATTGACTGCACA-1,1
AAATTGACTTTCAC-1,1
AACAAACTGTTGCA-1,1
AACAATACCCTATT-1,1
AACAATACCCTCGT-1,2
AACACGTGCACACA-1,1
AACACGTGCTGACA-1,1
AACACGTGGTACCA-1,1
AACACGTGTCCTTA-1,3
AACACGTGTTTCGT-1,1
AACACTCTAACCTG-1,1
AACACTCTCCGTAA-1,1
AACACTCTCGAATC-1,1
AACACTCTTTTGCT-1,1
AACAGAGATCTAGG-1,2
AACAGAGATTGCGA-1,1
AACAGCACGCTGTA-1,2
AACATATGGTCAAC-1,1
AACATATGTGGAAA-1,3
AACATATGTTGAGC-1,2
AACATATGTTGCTT-1,2
AACATATGTTTCGT-1,1
AACATTGAGTTCTT-1,1
AACCACGAAACGAA-1,2
AACCACGACTATTC-1,1
AACCACGATCCAAG-1,2
AACCACGATGTCCC-1,1
AACCAGTGGATAAG-1,1
AACCAGTGGTACGT-1,1
AACCCAGAGACGTT-1,1
AACCCAGAGTCTTT-1,1
AACCCAGATCGTAG-1,1
AACCCAGATTTACC-1,1
AACCGATGCGAGTT-1,1
AACCGATGTGAACC-1,1
AACCGATGTGTAGC-1,1
AACCGATGTTATCC-1,1
AACCGATGTTGTCT-1,3
AACCGCCTCCTCGT-1,1
AACCGCCTCGTTGA-1,1
AACCGCCTTAGCCA-1,1
AACCGCCTTCTTAC-1,1
AACCTACTAAGGTA-1,1
AACCTACTCTGCAA-1,3
AACCTACTTGCACA-1,3
AACCTTACAGCCTA-1,1
AACCTTACCCCTAC-1,1
AACCTTACCTATGG-1,1
AACCTTACTATTCC-1,1
AACCTTACTGCGTA-1,2
AACGCAACAAGTGA-1,1
AACGCAACCGTGAT-1,2
AACGCAACGAGGCA-1,2
AACGCAACGCGATT-1,1
AACGCATGCCCTTG-1,1
AACGCCCTGGACTT-1,1
AACGCCCTTGCTAG-1,1
AACGGTACACCATG-1,3
AACGGTACCCCTAC-1,1
AACGGTACTCCCAC-1,1
AACGGTACTCGACA-1,1
AACGGTACTCGCTC-1,1
AACGTCGAACACCA-1,3
AACGTCGATTCTAC-1,1
AACGTCGATTGCTT-1,1
AACGTGTGGAATGA-1,2
AACGTGTGTGTCAG-1,1
AACGTTCTTGGTTG-1,1
AACTACCTCCTCCA-1,1
AACTACCTTCCTGC-1,1
AACTACCTTGCTGA-1,2
AACTCACTACCTAG-1,1
AACTCACTCATGAC-1,1
AACTCGGAACGCAT-1,1
AACTCGGAGCCTTC-1,1
AACTCGGAGTCACA-1,1
AACTCGGATAGACC-1,1
AACTCGGATATCGG-1,1
AACTCGGATCTTTG-1,1
AACTCGGATTCAGG-1,1
AACTCTTGCCCTTG-1,1
AACTCTTGGATGAA-1,2
AACTCTTGTGCTTT-1,1
AACTTGCTTGCACA-1,2
AAGAACGAGTCTTT-1,1
AAGAAGACAGTGCT-1,2
AAGAATCTCCAACA-1,1
AAGAATCTCTCTCG-1,1
AAGAATCTGATACC-1,1
AAGAATCTGGACAG-1,2
AAGAATCTTCTTCA-1,1
AAGAGATGAAGGCG-1,1
AAGAGATGGAGAGC-1,1
AAGATGGAAGAGTA-1,2
AAGATGGAGTCATG-1,1
AAGATGGATGAACC-1,1
AAGATGGATGGATC-1,2
AAGATTACTCGTTT-1,1
AAGCAAGAACACAC-1,1
AAGCAAGACCATGA-1,2
AAGCAAGATCCAGA-1,1
AAGCAAGATCGCCT-1,1
AAGCACTGAAACAG-1,1
AAGCACTGCTACTT-1,1
AAGCACTGTAGCCA-1,1
AAGCACTGTTCCCG-1,1
AAGCCAACCCGTTC-1,1
AAGCCAACGTTTGG-1,3
AAGCCATGCCCTTG-1,1
AAGCCATGCCTCCA-1,2
AAGCCTGACTAGTG-1,1
AAGCCTGATCCTTA-1,3
AAGCGACTACCTTT-1,1
AAGCGACTCCCGTT-1,1
AAGCGACTTGCAAC-1,1
AAGCGTACCTTAGG-1,1
AAGCGTACGTCTGA-1,2
AAGGCTACCGGTAT-1,2
AAGGCTACTGCTCC-1,1
AAGGCTTGAGAGGC-1,1
AAGGCTTGCAGATC-1,1
AAGGCTTGCTGCAA-1,1
AAGGCTTGTACAGC-1,2
AAGGCTTGTACTCT-1,1
AAGGTCACGCGTTA-1,1
AAGGTCACTCCGTC-1,1
AAGGTCACTCTCCG-1,1
AAGGTCTGGGACAG-1,1
AAGGTGCTAGTGCT-1,1
AAGGTGCTGGTATC-1,1
AAGGTGCTTGCTAG-1,2
AAGTAACTAGCTAC-1,1
AAGTAGGAATCGGT-1,1
AAGTAGGACGAGTT-1,1
AAGTATACCACCAA-1,1
AAGTATACCATGCA-1,1
AAGTATACGGTGGA-1,1
AAGTATACTTACCT-1,2
AAGTCCGACTAGCA-1,1
AAGTCTCTAGACTC-1,1
AAGTGCACCAGTCA-1,1
AAGTGCACCTGTAG-1,1
AAGTGGCTGTCGTA-1,1
AAGTGGCTTTCTGT-1,1
AAGTTATGGACAGG-1,1
AAGTTATGTGCGTA-1,1
AAGTTATGTGCTCC-1,1
AAGTTCCTCAACCA-1,1
AAGTTCCTTGCAAC-1,1
AATAACACAAGTAG-1,1
AATAACACGGCAAG-1,1
AATAACACTCAGTG-1,1
AATAACACTCGTTT-1,1
AATAACACTGCTTT-1,1
AATAAGCTGCGGAA-1,1
AATACCCTACACAC-1,2
AATACTGAAAGTGA-1,1
AATAGGGATATTCC-1,2
AATATCGAAAGGGC-1,1
AATATCGAATCGTG-1,1
AATATCGACCCGTT-1,1
AATATCGACGAGAG-1,1
AATATCGAGAGGAC-1,2
AATCAAACTTCTCA-1,1
AATCAAACTTCTGT-1,3
AATCCGGAAAGGCG-1,3
AATCCGGAAGTCGT-1,1
AATCCGGAATCAGC-1,1
AATCCGGACATCAG-1,1
AATCCGGATGCCAA-1,1
AATCCTACATCACG-1,1
AATCCTACCGCCTT-1,1
AATCCTACTGAACC-1,1
AATCCTTGTTGCGA-1,3
AATCCTTGTTGCTT-1,2
AATCGGTGACAGTC-1,1
AATCGGTGATCGGT-1,1
AATCGGTGCCCGTT-1,1
AATCTAGAACACGT-1,3
AATCTAGAGCCATA-1,1
AATCTCACACAGTC-1,1
AATCTCACTCAGAC-1,1
AATCTCACTCGATG-1,1
AATCTCTGTAGACC-1,1
AATGAGGACTTGAG-1,3
AATGATACAAAGCA-1,2
AATGATACATACCG-1,1
AATGATACTCTTCA-1,1
AATGCGTGCCATGA-1,1
AATGCGTGGGGATG-1,1
AATGCGTGGGTGGA-1,1
AATGCGTGTTACTC-1,1
AATGGAGAGAGGGT-1,1
AATGGAGAGGCGAA-1,1
AATGGAGATTGCTT-1,1
AATGGCTGACCCTC-1,1
AATGGCTGCTTGCC-1,1
AATGTAACACCAAC-1,2
AATGTAACAGCCAT-1,1
AATGTAACCCAATG-1,1
AATGTAACCTCATT-1,1
AATGTAACTTATCC-1,1
AATGTCCTATCAGC-1,1
AATGTCCTGTGTAC-1,3
AATGTCCTTCAGTG-1,1
AATGTTGATGCTGA-1,1
AATGTTGATGGTCA-1,1
AATTACGAACGGGA-1,1
AATTACGAGAGCAG-1,1
AATTACGAGCCCTT-1,2
AATTCCTGGGACAG-1,2
AATTGTGAAAGGGC-1,3
AATTGTGATGTTTC-1,2
AATTGTGATTGCAG-1,1
AATTGTGATTTCAC-1,2
ACAAAGGAATAAGG-1,3
ACAAAGGACGGGAA-1,2
ACAAAGGATGACCA-1,1
ACAAATTGCAGAAA-1,1
ACAAATTGGAAAGT-1,1
ACAAATTGGTAGCT-1,1
ACAACCGAAAGTAG-1,1
ACAACCGAAATGCC-1,1
ACAACCGAACCACA-1,1
ACAACCGAGCCATA-1,1
ACAACCGATTCACT-1,1
ACAAGAGAACCTAG-1,3
ACAAGAGACGGTAT-1,3
ACAAGCACCGGGAA-1,1
ACAAGCACCTTCTA-1,1
ACAAGCACGGCGAA-1,1
ACAAGCACGTCATG-1,3
ACAAGCACTGGTAC-1,1
ACAAGCACTTCATC-1,1
ACAATAACACGCAT-1,1
ACAATAACCGACTA-1,1
ACAATAACCTGCAA-1,3
ACAATAACGGTGGA-1,1
ACAATAACTCCTCG-1,1
ACAATCCTGCAGAG-1,1
ACAATTGACAGTTG-1,1
ACAATTGAGTCGAT-1,1
ACAATTGAGTGCAT-1,1
ACAATTGAGTTGGT-1,1
ACACAGACCCGATA-1,1
ACACAGACGATACC-1,1
ACACATCTCTACTT-1,1
ACACATCTCTTGTT-1,1
ACACATCTTCCAGA-1,1
ACACCAGAAACAGA-1,1
ACACCCTGTTGTGG-1,3
ACACGATGAAACAG-1,1
ACACGATGCAGAGG-1,1
ACACGATGCCCAAA-1,1
ACACGATGTCCCGT-1,1
ACACGTGACTACTT-1,1
ACAGACACCTGACA-1,1
ACAGACACTCTTCA-1,1
ACAGGTACAAAGTG-1,3
ACAGGTACCAATCG-1,3
ACAGGTACCTGCAA-1,2
ACAGGTACTCTTCA-1,1
ACAGTCGAGACGAG-1,2
ACAGTGACAGACTC-1,1
ACAGTGACGGAGGT-1,1
ACAGTGTGATTCGG-1,1
ACAGTGTGCTTGCC-1,3
ACAGTGTGGGACAG-1,1
ACAGTTCTAACTGC-1,1
ACAGTTCTCAGATC-1,1
ACAGTTCTCTTTAC-1,1
ACAGTTCTGAATAG-1,1
ACAGTTCTGATACC-1,1
ACAGTTCTGCTGTA-1,1
ACATACCTCCTAAG-1,1
ACATACCTGTTCTT-1,1
ACATCACTAGAAGT-1,1
ACATCACTAGATGA-1,2
ACATCACTCGCCTT-1,1
ACATCACTGAACTC-1,1
ACATGGTGAACAGA-1,1
ACATGGTGAGGCGA-1,1
ACATGGTGAGTGCT-1,1
ACATGGTGTCACGA-1,2
ACATTCTGCCTTAT-1,3
ACATTCTGTAACGC-1,2
ACCAACGACATTCT-1,1
ACCACAGAAAAGCA-1,1
ACCACAGAAAGAGT-1,1
ACCACAGACACAAC-1,1
ACCACAGATCGTTT-1,1
ACCACCTGACTGGT-1,1
ACCACCTGCTCATT-1,1
ACCACCTGCTCGAA-1,3
ACCACCTGGACACT-1,1
ACCACCTGTGCACA-1,1
ACCACCTGTGTCGA-1,1
ACCACCTGTTCATC-1,1
ACCACGCTTTTGGG-1,1
ACCAGCCTCTTACT-1,1
ACCAGCCTCTTAGG-1,1
ACCAGTGATAGCCA-1,2
ACCATTACGGACGA-1,3
ACCATTACGGCATT-1,1
ACCATTTGTCCGTC-1,1
ACCATTTGTCTTAC-1,1
ACCCAAGAAAAGCA-1,1
ACCCAAGAAGAGGC-1,1
ACCCAAGATACTTC-1,1
ACCCAAGATATGCG-1,1
ACCCACTGCCGATA-1,1
ACCCACTGCTAAGC-1,1
ACCCAGCTTCGCCT-1,2
ACCCGTACGAATGA-1,2
ACCCGTACGGACGA-1,3
ACCCGTACGGTTCA-1,1
ACCCGTTGACGGAG-1,2
ACCCTCGACGTTAG-1,3
ACCCTCGACTTAGG-1,1
ACCGAAACGTACCA-1,3
ACCGCGGACCCTAC-1,1
ACCGCGGAGTTTGG-1,2
ACCGCGGATAGAGA-1,1
ACCGTGCTCAACTG-1,1
ACCGTGCTCGTGTA-1,1
ACCGTGCTTACGCA-1,1
ACCTATTGGTCCTC-1,1
ACCTATTGTCCTTA-1,3
ACCTCCGAACGGTT-1,1
ACCTCCGACTCGCT-1,2
ACCTCCGATATCTC-1,1
ACCTCGTGCGGTAT-1,1
ACCTCGTGGGGACA-1,2
ACCTGAGAGGAAGC-1,1
ACCTGAGATTTCTG-1,2
ACCTGGCTATCAGC-1,1
ACCTGGCTCCCTCA-1,1
ACCTGGCTCGAATC-1,1
ACCTTTGAGCGGAA-1,1
ACGAACACAGCAAA-1,1
ACGAACACGGGATG-1,1
ACGAACACTTGTCT-1,1
ACGAAGCTAGAGTA-1,2
ACGAAGCTGTTCAG-1,1
ACGAAGCTTCGCAA-1,1
ACGAAGCTTTTCGT-1,1
ACGACAACAGCCAT-1,2
ACGACAACCTGGAT-1,1
ACGACCCTACACTG-1,1
ACGACCCTAGAATG-1,1
ACGACCCTCACTGA-1,1
ACGACCCTGGTGTT-1,1
ACGACCCTGTACAC-1,3
ACGAGGGATATTCC-1,1
ACGAGTACAAGTGA-1,1
ACGAGTACGAAACA-1,3
ACGAGTACGCCTTC-1,1
ACGAGTACGTGTCA-1,1
ACGATCGAACGTAC-1,3
ACGATCGAGGTCTA-1,2
ACGATCGATTTGGG-1,1
ACGATTCTGTACAC-1,1
ACGCAATGAGTTCG-1,1
ACGCAATGTCCGTC-1,3
ACGCAATGTGAACC-1,1
ACGCCACTCCTAAG-1,1
ACGCCACTCGAGTT-1,1
ACGCCACTTTTGGG-1,1
ACGCCACTTTTGTC-1,1
ACGCCGGAACGGTT-1,2
ACGCCGGAATGGTC-1,1
ACGCCTTGGGGACA-1,2
ACGCCTTGTGGTTG-1,1
ACGCCTTGTGTCGA-1,1
ACGCGGTGAGAACA-1,1
ACGCGGTGCCTATT-1,1
ACGCGGTGTGGTTG-1,1
ACGCGGTGTTGTGG-1,1
ACGGAACTACACAC-1,1
ACGGAACTATGTGC-1,1
ACGGAGGAGTGCAT-1,2
ACGGAGGATGCTAG-1,1
ACGGAGGATGGAGG-1,3
ACGGATTGAAGGTA-1,1
ACGGATTGACTAGC-1,1
ACGGATTGTTCTGT-1,3
ACGGCGTGGGGATG-1,1
ACGGCGTGGTTAGC-1,1
ACGGCGTGTCGCTC-1,1
ACGGCGTGTCTGGA-1,2
ACGGCTCTCCTTAT-1,1
ACGGCTCTGAATCC-1,1
ACGGCTCTTAGCGT-1,2
ACGGCTCTTGAGGG-1,1
ACGGGAGAGTCAAC-1,1
ACGGGAGAGTTCTT-1,3
ACGGTAACGAATAG-1,1
ACGGTATGAGCTAC-1,1
ACGGTATGTATGCG-1,1
ACGGTATGTATTCC-1,2
ACGGTCCTTGCTAG-1,1
ACGTAGACCTACCC-1,1
ACGTCAGACGGAGA-1,1
ACGTCAGACTGTGA-1,1
ACGTCCTGAGTGCT-1,1
ACGTCCTGCTTAGG-1,1
ACGTCCTGTCTACT-1,1
ACGTCCTGTTTCAC-1,1
ACGTCGCTTTCGCC-1,1
ACGTGATGGCGTTA-1,1
ACGTGCCTCACTCC-1,1
ACGTGCCTTGCCAA-1,1
ACGTTACTAGTCTG-1,1
ACGTTACTCAACCA-1,1
ACGTTACTCTGACA-1,1
ACGTTACTGGGATG-1,1
ACGTTACTGTTACG-1,1
ACGTTACTTCTTAC-1,3
ACGTTTACGGAGGT-1,1
ACGTTTACTCTAGG-1,1
ACTAAAACAAGGGC-1,1
ACTAAAACACGGTT-1,2
ACTAAAACGTGTAC-1,1
ACTACGGATTGGCA-1,3
ACTACTACTCTTCA-1,2
ACTAGGTGCAGATC-1,1
ACTAGGTGGCGAGA-1,1
ACTATCACGAATCC-1,2
ACTATCACGCTGAT-1,1
ACTCCCGAAAGTAG-1,1
ACTCCCGACCTCCA-1,1
ACTCCCGAGAACCT-1,1
ACTCCCGAGCTGAT-1,1
ACTCCCGATCCGAA-1,1
ACTCCCGATCGTGA-1,1
ACTCCTCTAGAAGT-1,1
ACTCCTCTCTGTCC-1,1
ACTCCTCTGACAAA-1,1
ACTCCTCTGCCATA-1,1
ACTCGAGACATGAC-1,2
ACTCGAGATATCGG-1,1
ACTCGCACTACGAC-1,1
ACTCGCACTGAAGA-1,2
ACTCTATGCCGATA-1,1
ACTCTATGGTCCTC-1,1
ACTCTCCTAGATGA-1,1
ACTCTCCTCTGACA-1,1
ACTCTCCTTCGTTT-1,1
ACTCTCCTTGTGCA-1,2
ACTGAGACCTAGTG-1,1
ACTGCCACACTTTC-1,1
ACTGCCACGTATGC-1,1
ACTGCCTGGGTCAT-1,1
ACTGCCTGTCACGA-1,2
ACTGGCCTGTTGTG-1,2
ACTGGCCTTCTATC-1,3
ACTGTGGAATCGGT-1,2
ACTGTGGATCTACT-1,1
ACTGTTACAGTACC-1,1
ACTGTTACCACTAG-1,1
ACTGTTACCAGTCA-1,2
ACTTAAGAAACCAC-1,1
ACTTAAGAGCCAAT-1,1
ACTTAGCTACCAGT-1,3
ACTTAGCTCTCGAA-1,1
ACTTAGCTGCGAGA-1,2
ACTTCAACAGAGTA-1,1
ACTTCAACTTGGCA-1,1
ACTTCCCTAACCGT-1,1
ACTTCCCTACCTTT-1,2
ACTTCCCTATCGTG-1,1
ACTTCCCTCATTGG-1,2
ACTTCCCTCGCAAT-1,1
ACTTCTGAACGACT-1,1
ACTTCTGACTTGTT-1,1
ACTTGACTAGCGTT-1,2
ACTTGACTCCGAAT-1,1
ACTTGACTCTCGAA-1,1
ACTTGGGAAAAACG-1,1
ACTTGGGAAGACTC-1,1
ACTTGGGACCGTTC-1,1
ACTTGGGACTTAGG-1,2
ACTTGGGAGTCTGA-1,1
ACTTGTACCCAGTA-1,1
ACTTGTACCCTCAC-1,2
ACTTGTACCTGATG-1,1
ACTTGTACTACGAC-1,1
ACTTTGTGCCTACC-1,1
ACTTTGTGGTATGC-1,1
AGAAACGATCTAGG-1,2
AGAAACGATGTGAC-1,3
AGAAAGTGAATCGC-1,1
AGAAAGTGCTGAGT-1,1
AGAAAGTGGCCTTC-1,1
AGAAAGTGTCACCC-1,1
AGAACAGACACCAA-1,2
AGAACAGACGTTGA-1,1
AGAACAGAGGAGCA-1,1
AGAACGCTCGATAC-1,1
AGAACGCTCGCAAT-1,1
AGAACGCTGGTGGA-1,1
AGAAGATGCAACTG-1,1
AGAAGATGGACGGA-1,1
AGAAGATGTGCATG-1,1
AGAATACTACCAGT-1,1
AGAATACTAGAGTA-1,1
AGAATACTCTGTCC-1,1
AGAATACTTCCCGT-1,1
AGAATACTTTCGTT-1,1
AGAATTTGAGAGGC-1,2
AGAATTTGCGCAAT-1,1
AGAATTTGTAAGGA-1,1
AGACACACTTCTTG-1,1
AGACACTGACGACT-1,1
AGACACTGCGGAGA-1,1
AGACACTGGACACT-1,1
AGACACTGGGCGAA-1,1
AGACACTGTCCGTC-1,1
AGACACTGTCCTAT-1,1
AGACACTGTGCAGT-1,2
AGACACTGTGCTAG-1,2
AGACACTGTTTCGT-1,1
AGACCTGACGTGAT-1,1
AGACCTGAGTTGGT-1,1
AGACGTACGAGGCA-1,1
AGACTCGAATCAGC-1,1
AGACTCGAGAAACA-1,1
AGACTCGAGGAGTG-1,1
AGACTCGATTCGCC-1,1
AGACTGACAGAGAT-1,1
AGACTGACCATTGG-1,2
AGACTGACCGTACA-1,1
AGACTGACCTATGG-1,1
AGACTGACCTTACT-1,1
AGACTGACGGTACT-1,1
AGACTGACTCTCTA-1,1
AGACTGACTGATGC-1,1
AGACTTCTGCGTAT-1,1
AGAGAAACCGCAAT-1,1
AGAGAAACGCTAAC-1,1
AGAGAAACGTCTTT-1,1
AGAGAAACTGTCAG-1,3
AGAGAATGATAAGG-1,1
AGAGAATGTTGACG-1,3
AGAGATGAAAGCAA-1,1
AGAGATGACGAACT-1,1
AGAGATGATAACCG-1,1
AGAGCGGAAGTGCT-1,3
AGAGCTACCTCTCG-1,1
AGAGCTACGAGAGC-1,1
AGAGCTACTACTTC-1,1
AGAGGTCTATTTCC-1,1
AGAGGTCTGAAACA-1,1
AGAGGTCTTTTCAC-1,1
AGAGTCTGCGAGTT-1,1
AGAGTCTGCTATGG-1,2
AGAGTCTGGGTCAT-1,1
AGAGTCTGTAAGCC-1,1
AGAGTCTGTGTCAG-1,1
AGAGTGCTCGTAGT-1,1
AGAGTGCTGATAAG-1,1
AGAGTGCTGTTGTG-1,2
AGATATACACCGAT-1,1
AGATATACCGAATC-1,1
AGATATACGTATGC-1,1
AGATATACTAGTCG-1,2
AGATATACTCTACT-1,1
AGATATTGGATACC-1,2
AGATATTGGTTAGC-1,2
AGATATTGTTCGCC-1,1
AGATATTGTTTCTG-1,1
AGATCGTGAGAATG-1,2
AGATCGTGCTACCC-1,1
AGATCGTGGCAAGG-1,1
AGATCGTGGGGAGT-1,3
AGATCTCTCCAGTA-1,1
AGATTAACGAATCC-1,1
AGATTAACGGGACA-1,1
AGATTAACTAAGCC-1,1
AGATTCCTATGACC-1,3
AGATTCCTTGTGCA-1,1
AGCAAAGACTGATG-1,1
AGCAAAGAGAATCC-1,1
AGCAAAGATGGTGT-1,3
AGCAACACACACAC-1,1
AGCAACACAGCGGA-1,1
AGCAACACCCGTAA-1,3
AGCAACACCGGAGA-1,2
AGCAACACTCCGAA-1,1
AGCAAGCTAGATCC-1,1
AGCAAGCTGGAACG-1,1
AGCAAGCTTTCTGT-1,2
AGCACAACAGGAGC-1,1
AGCACAACAGTACC-1,1
AGCACTGAGACAAA-1,1
AGCATCGACTAGTG-1,1
AGCATCGACTGACA-1,1
AGCATCGAGCTCCT-1,1
AGCATCGATTAGGC-1,1
AGCATGACGGCATT-1,1
AGCATGACGTAGGG-1,1
AGCATTCTCGTACA-1,2
AGCATTCTGCAGTT-1,3
AGCATTCTTCCAAG-1,1
AGCCAATGAATCGC-1,1
AGCCAATGCATGCA-1,1
AGCCAATGCGAGAG-1,3
AGCCACCTCCAACA-1,1
AGCCACCTGAGAGC-1,1
AGCCACCTTATCTC-1,2
AGCCACCTTCTTAC-1,2
AGCCGGACTGCTCC-1,1
AGCCGGTGCGTAGT-1,1
AGCCGGTGGCCTTC-1,1
AGCCGGTGTAGCCA-1,1
AGCCGTCTATTGGC-1,1
AGCCTCACAAACGA-1,1
AGCCTCACACAGCT-1,1
AGCCTCACCATCAG-1,1
AGCCTCTGCGACAT-1,1
AGCCTCTGTAGCCA-1,1
AGCGAACTATTCGG-1,1
AGCGAACTCCTTAT-1,1
AGCGAACTCTACGA-1,1
AGCGATACACGGGA-1,1
AGCGATACCCTGAA-1,1
AGCGATACTTGCTT-1,1
AGCGATTGAGAGTA-1,1
AGCGATTGGTCGAT-1,2
AGCGATTGGTCTTT-1,1
AGCGATTGTGTCCC-1,1
AGCGCCGAAACAGA-1,1
AGCGCCGAATACCG-1,1
AGCGCCGAATTCTC-1,1
AGCGCCGAGACAAA-1,1
AGCGCTCTAGTCGT-1,3
AGCGCTCTCCCTCA-1,1
AGCGCTCTCTTATC-1,2
AGCGCTCTGTCATG-1,1
AGCGCTCTTCTCCG-1,1
AGCGCTCTTTTACC-1,1
AGCGGCACTTTCGT-1,1
AGCGGCTGGCTAAC-1,1
AGCGGCTGTCGACA-1,2
AGCGGCTGTGTCTT-1,1
AGCGGGCTTTAGGC-1,1
AGCGTAACCTCTCG-1,1
AGCGTAACGTCAAC-1,1
AGCTGAACCACTCC-1,1
AGCTGAACCCTCGT-1,1
AGCTGAACCTCGAA-1,1
AGCTGAACGTTGGT-1,1
AGCTGCCTAATGCC-1,3
AGCTGCCTAGTTCG-1,1
AGCTGCCTTTTACC-1,2
AGCTGTGACTCAGA-1,1
AGCTGTGAGGACAG-1,2
AGCTTACTTCGACA-1,1
AGGAAATGCATTCT-1,1
AGGAAATGGGTGAG-1,2
AGGAAATGGTAGCT-1,1
AGGAAATGTGCTAG-1,1
AGGAAATGTGTTCT-1,2
AGGAACCTACTCAG-1,1
AGGAATGAAATGCC-1,2
AGGACACTACTCAG-1,1
AGGACACTAGATCC-1,3
AGGACACTCTATTC-1,2
AGGACTTGACGGTT-1,1
AGGAGTCTTGTAGC-1,2
AGGATAGACGTAGT-1,1
AGGATGCTAGTACC-1,1
AGGATGCTCCTCCA-1,1
AGGATGCTTCGTTT-1,1
AGGATGCTTCTAGG-1,1
AGGCAACTACGGAG-1,1
AGGCAACTGCTAAC-1,1
AGGCAACTTATCGG-1,1
AGGCAGGATGCGTA-1,1
AGGCCTCTGTCTAG-1,2
AGGCTAACCACCAA-1,1
AGGCTAACCCATAG-1,1
AGGCTAACGGGAGT-1,1
AGGCTAACGGTGTT-1,1
AGGCTAACGTCACA-1,1
AGGGACGACTCTCG-1,1
AGGGACGAGCATAC-1,1
AGGGACGAGTAAAG-1,1
AGGGACGATAGCCA-1,3
AGGGACGATCCCAC-1,1
AGGGAGTGACACCA-1,2
AGGGAGTGATACCG-1,1
AGGGAGTGCACCAA-1,1
AGGGCCACGTTCAG-1,1
AGGGCCTGAACGGG-1,1
AGGGCCTGATTCGG-1,1
AGGGCGCTAGTACC-1,1
AGGGCGCTCCAGTA-1,1
AGGGCGCTCGCTAA-1,1
AGGGCGCTGCAGAG-1,1
AGGGTGGAACGCTA-1,2
AGGGTGGAGGAGGT-1,1
AGGGTGGAGTTGAC-1,1
AGGGTGGATGGTCA-1,1
AGGGTGGATTCTGT-1,1
AGGGTGGATTGGCA-1,1
AGGGTTTGCACCAA-1,1
AGGGTTTGCTATTC-1,1
AGGTACACAGCGGA-1,2
AGGTACACTCACGA-1,1
AGGTACACTGTCAG-1,1
AGGTACACTTCGCC-1,3
AGGTACTGGGGTGA-1,1
AGGTACTGTGGATC-1,1
AGGTCATGCACTGA-1,1
AGGTCATGGAGGAC-1,1
AGGTCTGAGAATAG-1,1
AGGTCTGAGATAGA-1,1
AGGTCTGAGCGATT-1,1
AGGTGGGACATCAG-1,1
AGGTGGGAGTCATG-1,1
AGGTGGGATCGACA-1,1
AGGTGTTGAGAGAT-1,1
AGGTGTTGTCGTAG-1,1
AGGTTCGAGGTACT-1,2
AGGTTCGATTTCGT-1,1
AGGTTGTGACTGTG-1,1
AGGTTGTGAGATCC-1,1
AGTAAGGAATGTGC-1,3
AGTAAGGAATTCCT-1,1
AGTAATACGGAACG-1,1
AGTAATACGGCATT-1,3
AGTAATACGGTAAA-1,1
AGTAATTGGGGACA-1,1
AGTACGTGAGCCAT-1,1
AGTACGTGATCAGC-1,2
AGTACGTGCGCATA-1,1
AGTACGTGTAAAGG-1,1
AGTACTCTCTCGAA-1,1
AGTACTCTTAAGGA-1,1
AGTAGAGAAGAGTA-1,1
AGTAGAGACTCCAC-1,1
AGTAGGCTGCCAAT-1,2
AGTAGGCTGGTCTA-1,2
AGTAGGCTTCGCCT-1,1
AGTAGGCTTCTCGC-1,1
AGTATAACGAGACG-1,2
AGTATAACGCCTTC-1,1
AGTATAACGTTGGT-1,1
AGTATAACTCACGA-1,3
AGTATCCTCCTGAA-1,1
AGTATCCTCGGGAA-1,3
AGTATCCTTATTCC-1,2
AGTATCCTTCTTCA-1,1
AGTCACGAATCACG-1,1
AGTCACGAGCTATG-1,1
AGTCACGAGTCGAT-1,1
AGTCAGACCGCATA-1,1
AGTCAGACCTGAAC-1,1
AGTCAGACGGACTT-1,1
AGTCAGACGGATCT-1,1
AGTCAGACTACTTC-1,1
AGTCCAGACGTACA-1,1
AGTCCAGAGCATCA-1,1
AGTCGAACCCAACA-1,1
AGTCGAACCCACAA-1,1
AGTCGAACCGAATC-1,1
AGTCGAACCGAGAG-1,1
AGTCGAACTAGACC-1,1
AGTCGCCTAAGGCG-1,1
AGTCGCCTGAAACA-1,1
AGTCGCCTGAATGA-1,1
AGTCGCCTTTCACT-1,1
AGTCTACTAGACTC-1,1
AGTCTACTTGTGGT-1,1
AGTCTTACTCTTAC-1,1
AGTGAAGATTGACG-1,3
AGTGACACACGGGA-1,1
AGTGACACAGCGGA-1,2
AGTGACACATCACG-1,1
AGTGACACTAACGC-1,1
AGTGACACTGCGTA-1,1
AGTGACTGAGCACT-1,1
AGTGACTGATACCG-1,1
AGTGACTGATTGGC-1,1
AGTGACTGGAAACA-1,1
AGTGACTGGGAACG-1,2
AGTGCAACCTCTCG-1,1
AGTGCAACGGTCTA-1,1
AGTGTGACTGTCGA-1,2
AGTGTGACTTCCCG-1,1
AGTGTTCTCTGTTT-1,3
AGTGTTCTTCAGGT-1,1
AGTGTTCTTGTTCT-1,1
AGTTAAACACCTGA-1,1
AGTTATGACTTGTT-1,1
AGTTCTACAGAATG-1,3
AGTTCTACCAACCA-1,2
AGTTCTACCACCAA-1,1
AGTTCTACTGTGGT-1,1
AGTTCTTGACCGAT-1,2
AGTTCTTGAGTCGT-1,2
AGTTGTCTCATGGT-1,1
AGTTGTCTTTGCAG-1,1
AGTTTAGATTTCAC-1,2
AGTTTCACAACCGT-1,1
AGTTTCACTCAAGC-1,1
AGTTTCACTCCCAC-1,1
AGTTTGCTAAGCCT-1,2
AGTTTGCTCAGCTA-1,1
AGTTTGCTCCCTAC-1,1
ATAAACACGTCAAC-1,1
ATAAACACTCCTCG-1,1
ATAAACACTTCTAC-1,1
ATAACAACAGCACT-1,3
ATAACAACCTCCAC-1,2
ATAACAACGTGCAT-1,1
ATAACAACTGACCA-1,1
ATAACATGCTAGAC-1,1
ATAACATGTACTTC-1,1
ATAACATGTCTTAC-1,1
ATAACCCTAAAGCA-1,1
ATAACCCTCAGTTG-1,1
ATAACCCTCCAGTA-1,1
ATAACCCTCTACCC-1,2
ATAACCCTCTGAAC-1,1
ATAACCCTTCAGAC-1,2
ATAAGTACCCATGA-1,1
ATAAGTTGGACGAG-1,1
ATAATCGATGTGGT-1,1
ATAATGACGTCACA-1,1
ATACAATGCACTGA-1,1
ATACAATGTCCGTC-1,2
ATACAATGTGAGAA-1,1
ATACAATGTTCACT-1,1
ATACACCTAGCACT-1,1
ATACACCTATGCCA-1,1
ATACACCTGAAGGC-1,1
ATACACCTGCTGAT-1,2
ATACACCTGTTCGA-1,2
ATACCACTAGCAAA-1,3
ATACCACTTGTCTT-1,1
ATACCGGACTGTAG-1,1
ATACCGGAGACAAA-1,1
ATACCTACACCCTC-1,1
ATACCTACAGTCAC-1,1
ATACCTACCGGAGA-1,1
ATACCTACGCTTCC-1,1
ATACCTACGTCTTT-1,3
ATACCTTGCATACG-1,1
ATACCTTGGCTGTA-1,1
ATACGGACGCGAAG-1,1
ATACGGACTGCTCC-1,1
ATACGTCTACCTCC-1,1
ATACGTCTTGAAGA-1,2
ATACTCTGCCTCGT-1,1
ATACTCTGGGTTAC-1,1
ATACTCTGGTTTCT-1,1
ATACTCTGTTTCAC-1,1
ATAGAACTACCCTC-1,1
ATAGAACTATGTCG-1,1
ATAGAACTCGAATC-1,1
ATAGAACTTTTGCT-1,1
ATAGATACCGGTAT-1,3
ATAGATACTGAACC-1,1
ATAGATTGAGCTCA-1,1
ATAGATTGCTTATC-1,1
ATAGATTGGAGGCA-1,1
ATAGATTGGCGTAT-1,1
ATAGATTGTACTGG-1,1
ATAGCCGAGCAGAG-1,1
ATAGCCGATGCAAC-1,1
ATAGCGTGTAAGCC-1,1
ATAGCGTGTTCCGC-1,2
ATAGCTCTGACAAA-1,1
ATAGCTCTTTCATC-1,2
ATAGGAGAGAGACG-1,1
ATAGGAGAGAGGAC-1,1
ATAGGCTGACGCAT-1,1
ATAGGCTGCGCCTT-1,1
ATAGTTGACGTTGA-1,1
ATATACGAACCAGT-1,1
ATATACGAACGCTA-1,1
ATATACGAAGTCTG-1,1
ATATACGATTCGTT-1,1
ATATAGTGATACCG-1,1
ATATGAACAACCGT-1,1
ATATGAACAACGAA-1,3
ATATGAACCCATAG-1,1
ATATGAACGAACTC-1,1
ATATGCCTAACGTC-1,1
ATCAAATGAAGAGT-1,1
ATCAACCTATAAGG-1,2
ATCAACCTGGTGAG-1,1
ATCAACCTGTACCA-1,1
ATCAACCTTGGAAA-1,1
ATCACACTAGGTCT-1,1
ATCACACTCTCAGA-1,2
ATCACACTTTCCGC-1,1
ATCACGGAGTTTGG-1,1
ATCACTACAGACTC-1,1
ATCACTACCTGTAG-1,1
ATCACTTGGCCAAT-1,2
ATCACTTGGGGACA-1,2
ATCACTTGGTTTGG-1,1
ATCACTTGTATGCG-1,1
ATCACTTGTGAGAA-1,2
ATCACTTGTTTGTC-1,2
ATCAGGTGACGCAT-1,1
ATCAGGTGCCCTTG-1,2
ATCATCTGGAATCC-1,3
ATCATCTGGTGCTA-1,1
ATCATGCTGCCATA-1,1
ATCATGCTGTTAGC-1,1
ATCATGCTTCAGAC-1,1
ATCATGCTTCCTCG-1,1
ATCCAGGAAACGTC-1,1
ATCCATACCGACTA-1,1
ATCCATACGGGATG-1,2
ATCCCGTGTCTCTA-1,1
ATCCGCACACCTTT-1,1
ATCCTAACTGAGGG-1,2
ATCGACGAACTTTC-1,1
ATCGACGAGTGAGG-1,1
ATCGACGATGAACC-1,1
ATCGAGTGCAGTTG-1,1
ATCGAGTGGTACCA-1,1
ATCGAGTGTGTCTT-1,1
ATCGCAGAGAGACG-1,1
ATCGCAGATTCATC-1,2
ATCGCCTGCCTTAT-1,1
ATCGCCTGTCTTAC-1,1
ATCGCCTGTTCACT-1,2
ATCGCGCTCAAAGA-1,1
ATCGCGCTGAGACG-1,1
ATCGCGCTGTGTAC-1,3
ATCGGAACCGTGAT-1,1
ATCGGTGAGAAGGC-1,1
ATCGGTGAGAGACG-1,1
ATCGGTGAGGATTC-1,1
ATCGGTGAGTAAAG-1,1
ATCGGTGAGTCTAG-1,1
ATCGTTTGCTACCC-1,1
ATCGTTTGTACGAC-1,1
ATCGTTTGTCAGTG-1,1
ATCTACTGATCTCT-1,1
ATCTACTGCAGAAA-1,3
ATCTCAACACCATG-1,2
ATCTCAACCCCTCA-1,1
ATCTCAACGGTTCA-1,3
ATCTCAACTGCTAG-1,1
ATCTGACTATGCCA-1,1
ATCTGACTCACTAG-1,1
ATCTGACTGGACGA-1,1
ATCTGGGACTGAGT-1,2
ATCTGGGAGTTTCT-1,1
ATCTGGGATCGTAG-1,1
ATCTGTTGCTAGCA-1,2
ATCTGTTGTAGCCA-1,1
ATCTGTTGTCCTTA-1,3
ATCTTGACGGTTCA-1,1
ATCTTTCTGACGTT-1,1
ATCTTTCTGTCACA-1,1
ATCTTTCTTTTGCT-1,3
ATGAAACTAACCAC-1,2
ATGAAACTCTCCAC-1,1
ATGAAACTTCAGTG-1,1
ATGAAGGAATGTCG-1,2
ATGAAGGACGCAAT-1,2
ATGACGTGGTCATG-1,1
ATGACGTGTTCGGA-1,3
ATGAGAGAAATGCC-1,3
ATGAGAGAACGTAC-1,1
ATGAGAGACCCTAC-1,1
ATGAGCACGCTAAC-1,2
ATGAGCACTCTTCA-1,1
ATGATAACCTGAGT-1,1
ATGATAACTGAGCT-1,1
ATGATAACTGCGTA-1,1
ATGATATGACGTGT-1,2
ATGATATGTGCAGT-1,3
ATGCACGAAACGTC-1,1
ATGCACGACTCGCT-1,1
ATGCAGACTCCAAG-1,1
ATGCAGTGGGGTGA-1,1
ATGCAGTGTAAAGG-1,1
ATGCCAGAAACCAC-1,1
ATGCCAGAAAGAAC-1,2
ATGCCAGACTTGCC-1,1
ATGCCAGAGAGATA-1,1
ATGCCAGAGGGCAA-1,1
ATGCCAGATGTGGT-1,2
ATGCCAGATTTGTC-1,3
ATGCCGCTCCTACC-1,1
ATGCGATGGTTGTG-1,1
ATGCGATGTACTGG-1,1
ATGCGATGTGTGAC-1,1
ATGCGATGTTAGGC-1,2
ATGCGCCTAGAGTA-1,1
ATGCTTTGTATGGC-1,1
ATGCTTTGTCAGGT-1,1
ATGGACACCACTCC-1,2
ATGGACACCTCTTA-1,3
ATGGGTACCTACGA-1,1
ATGGTGACATCGGT-1,1
ATGGTGACTCTTCA-1,1
ATGGTGACTTTGTC-1,1
ATGTAAACTTGCTT-1,1
ATGTACCTGTATCG-1,1
ATGTCACTCATTGG-1,1
ATGTCGGACCTGTC-1,1
ATGTTAGACCGATA-1,1
ATGTTGCTAGCCTA-1,2
ATGTTGCTCCGAAT-1,1
ATGTTGCTCGTACA-1,1
ATGTTGCTGTCAAC-1,1
ATGTTGCTTGCCTC-1,1
ATGTTGCTTGCTCC-1,1
ATTAACGAAACGTC-1,1
ATTAACGAGAAGGC-1,2
ATTAACGAGTGAGG-1,1
ATTAACGAGTTACG-1,3
ATTAAGACGACGAG-1,2
ATTAAGACGATAGA-1,1
ATTAAGACGCTGTA-1,3
ATTACCACCACTTT-1,1
ATTACCACGGATCT-1,2
ATTACCACTGCTAG-1,1
ATTACCACTGTGCA-1,2
ATTACCTGGCATCA-1,1
ATTACCTGGGTGAG-1,1
ATTAGATGAGCACT-1,3
ATTAGATGCGGGAA-1,1
ATTAGATGTACAGC-1,1
ATTAGATGTGAAGA-1,1
ATTAGTGAACCTTT-1,1
ATTAGTGAACGCAT-1,1
ATTAGTGAACTTTC-1,1
ATTAGTGAGAATCC-1,2
ATTAGTGAGTAAGA-1,1
ATTAGTGATAAAGG-1,1
ATTAGTGATGGTCA-1,3
ATTAGTGATTGAGC-1,1
ATTATGGAAACGAA-1,1
ATTATGGACTGCAA-1,1
ATTATGGATGGGAG-1,1
ATTATGGATGGTTG-1,1
ATTATGGATTGGCA-1,2
ATTCAAGAACGGAG-1,2
ATTCAAGAAGGGTG-1,2
ATTCAAGACAGAAA-1,1
ATTCAAGAGACTAC-1,1
ATTCAAGAGTCACA-1,1
ATTCAGCTCTAAGC-1,1
ATTCCAACCTGAGT-1,1
ATTCCAACGAGGAC-1,1
ATTCCAACTTTCTG-1,1
ATTCCATGCGTGAT-1,1
ATTCGACTGCAGTT-1,2
ATTCGGGAGTTGAC-1,1
ATTCGGGATACTCT-1,1
ATTCGGGATGTCTT-1,1
ATTCTGACTCCTCG-1,1
ATTGAAACAGGCGA-1,3
ATTGAAACGAGGTG-1,1
ATTGAAACTGATGC-1,1
ATTGAATGTGTCGA-1,1
ATTGATGACTGATG-1,2
ATTGCACTAATCGC-1,1
ATTGCACTGACACT-1,1
ATTGCGGACAATCG-1,1
ATTGCGGAGAGCTT-1,2
ATTGCGGAGCGTTA-1,1
ATTGCGGATCCAGA-1,3
ATTGCTACGAAAGT-1,1
ATTGCTTGCTAGTG-1,1
ATTGGGTGAAGATG-1,1
ATTGGGTGCATGGT-1,1
ATTGGGTGTTCATC-1,1
ATTGGTCTTCACCC-1,2
ATTGTAGACCTGAA-1,2
ATTGTAGATGCCAA-1,1
ATTGTCTGCCTATT-1,1
ATTGTCTGGTAGGG-1,1
ATTTCCGAAGCTCA-1,1
ATTTCCGACCTATT-1,1
ATTTCCGACTCCCA-1,1
ATTTCCGATCCAGA-1,1
ATTTCCGATCCGAA-1,1
ATTTCGTGCGCAAT-1,1
ATTTCGTGGTCTGA-1,3
ATTTCGTGTCACCC-1,1
ATTTCGTGTCTCAT-1,1
ATTTCTCTATGCCA-1,1
ATTTCTCTCTCCAC-1,1
ATTTCTCTGAGGTG-1,1
ATTTGCACGAAGGC-1,1
ATTTGCACGCGTAT-1,1
ATTTGCACGGACAG-1,1
CAAAGCACATTCCT-1,1
CAAAGCACCTCAGA-1,1
CAAAGCACTGGAGG-1,1
CAAAGCACTGTTCT-1,1
CAAAGCTGACCTGA-1,3
CAAAGCTGCCCGTT-1,1
CAAAGCTGGGCGAA-1,1
CAAATATGTTGCAG-1,1
CAAATTGAACCTAG-1,1
CAAATTGAGAATCC-1,1
CAACAGACACTGTG-1,1
CAACAGACAGAACA-1,2
CAACCAGATTGGTG-1,1
CAACCGCTTTGAGC-1,2
CAACGAACAAGAAC-1,1
CAACGAACACCATG-1,2
CAACGAACCTGTCC-1,1
CAACGAACGTTGTG-1,1
CAACGTGAGCATAC-1,1
CAACGTGATCTATC-1,1
CAACTTTGAGAGGC-1,1
CAACTTTGTCGTGA-1,1
CAAGACACGTACGT-1,1
CAAGACTGCGTCTC-1,2
CAAGACTGGACGTT-1,3
CAAGACTGGCATAC-1,1
CAAGACTGTAGCGT-1,1
CAAGCCCTAACCTG-1,1
CAAGCCCTATAAGG-1,1
CAAGCCCTCCAAGT-1,3
CAAGCCCTCCTTTA-1,1
CAAGCTGAAACGAA-1,1
CAAGCTGATGGTAC-1,1
CAAGGACTAACGGG-1,1
CAAGGACTACCTCC-1,1
CAAGGACTCAGCTA-1,1
CAAGGACTCATTCT-1,3
CAAGGACTCTTACT-1,1
CAAGGACTGGTGTT-1,2
CAAGGTTGGATGAA-1,2
CAAGGTTGTTGCAG-1,1
CAAGTCGACGTTAG-1,1
CAAGTTCTTCGATG-1,1
CAAGTTCTTTCCCG-1,2
CAATAAACAAGATG-1,1
CAATAATGCTACTT-1,1
CAATAATGTTCCGC-1,1
CAATATGACGCATA-1,1
CAATATGAGAGGTG-1,1
CAATATGAGGGAGT-1,3
CAATATGAGGTGTT-1,1
CAATCGGAGTGCAT-1,1
CAATCGGATGATGC-1,1
CAATCTACATCGTG-1,3
CAATGGACCGTAAC-1,2
CAATGGACGCCAAT-1,1
CAATTCACCTGTCC-1,1
CAATTCTGCAGATC-1,1
CACAACGAAAAGCA-1,1
CACAACGACAGCTA-1,1
CACAATCTACCAGT-1,2
CACACCTGACCTAG-1,1
CACACCTGTTGTCT-1,2
CACAGAACCCATGA-1,1
CACAGAACTTGGCA-1,2
CACAGATGAACCTG-1,1
CACAGATGACGTAC-1,1
CACAGATGGGTAGG-1,1
CACAGATGGTAAGA-1,1
CACAGCCTACGTGT-1,1
CACAGCCTAGTAGA-1,1
CACAGCCTATACCG-1,2
CACAGCCTTTTACC-1,2
CACAGTGAACAGCT-1,2
CACAGTGAGAGCAG-1,1
CACAGTGATTCCCG-1,1
CACATACTAACCAC-1,1
CACATACTCCGTAA-1,1
CACATACTCCTGTC-1,1
CACATACTGCGAGA-1,1
CACATACTGCGGAA-1,1
CACATACTTTTGGG-1,1
CACATGGATCGCAA-1,1
CACCACTGGGCGAA-1,1
CACCACTGTGTGGT-1,1
CACCCATGCAGAGG-1,1
CACCCATGCCTGTC-1,1
CACCCATGCCTTTA-1,1
CACCCATGGAAGGC-1,1
CACCCATGGGATCT-1,1
CACCGGGACCCACT-1,1
CACCGGGAGTACGT-1,1
CACCGGGATCCCGT-1,1
CACCGGGATCCGTC-1,1
CACCGGGATCCTAT-1,1
CACCGTACAAGAGT-1,1
CACCGTACCAAGCT-1,2
CACCGTTGCATCAG-1,1
CACCGTTGCGGGAA-1,1
CACCGTTGGAGGAC-1,1
CACCTGACAGGGTG-1,1
CACCTGACCAGTTG-1,1
CACGAAACAAGGCG-1,1
CACGAAACCGAACT-1,3
CACGAAACCTATTC-1,2
CACGATGATACAGC-1,1
CACGATGATCCGTC-1,1
CACGCTACAGTCGT-1,2
CACGCTACATTTCC-1,1
CACGCTACGCTGAT-1,2
CACGGGACAGCAAA-1,1
CACGGGTGGAGGTG-1,1
CACGGGTGTACGCA-1,1
CACGGGTGTCCGTC-1,1
CACTAGGAATGCTG-1,1
CACTAGGATCGCCT-1,1
CACTAGGATGGTCA-1,1
CACTATACCTCGCT-1,1
CACTATACTTCAGG-1,1
CACTCCGAACCGAT-1,1
CACTCCGATTGACG-1,1
CACTCTCTAGTGCT-1,1
CACTCTCTGGTTCA-1,1
CACTCTCTGTAAAG-1,1
CACTGAGAAGTCAC-1,1
CACTGAGAATCTCT-1,1
CACTGAGACTGTTT-1,1
CACTGAGAGCGTTA-1,3
CACTGAGATCTCGC-1,3
CACTGAGATGACAC-1,1
CACTGCTGGCTAAC-1,1
CACTGCTGTTCGCC-1,1
CACTTAACGCCTTC-1,1
CACTTATGAGCTAC-1,1
CACTTATGCGTACA-1,1
CACTTATGCTATTC-1,2
CACTTATGCTGTCC-1,1
CACTTATGGCTAAC-1,1
CACTTTGATCCCAC-1,1
CACTTTGATGCCCT-1,1
CACTTTGATGGTGT-1,1
CAGACAACAAGTGA-1,3
CAGACAACTGAAGA-1,1
CAGACATGACTAGC-1,2
CAGACATGTACTCT-1,3
CAGACCCTAGAGGC-1,1
CAGACTGACTGTTT-1,1
CAGACTGACTTATC-1,1
CAGACTGATCCAGA-1,3
CAGAGGGAAAACGA-1,1
CAGAGGGACCGTAA-1,2
CAGAGGGATGTTTC-1,1
CAGAGGGATTGTCT-1,1
CAGATCGACCTCCA-1,1
CAGATCGATATGGC-1,1
CAGATCGATCTGGA-1,1
CAGATCGATGTCGA-1,1
CAGATGACAAACAG-1,2
CAGATGACATGCCA-1,1
CAGATGACCAAAGA-1,1
CAGATGACCCGCTT-1,1
CAGATGACCGAGAG-1,1
CAGATGACGTTGTG-1,2
CAGATGACTGGAAA-1,1
CAGCAATGTATCTC-1,1
CAGCACCTTCAAGC-1,1
CAGCACCTTTATCC-1,1
CAGCCTACGGGTGA-1,1
CAGCCTTGAACTGC-1,1
CAGCCTTGGCAGTT-1,1
CAGCCTTGTCACCC-1,1
CAGCCTTGTCTGGA-1,1
CAGCGGACCTACCC-1,1
CAGCGGACGACGAG-1,1
CAGCGGACGTATGC-1,2
CAGCGGACTACTCT-1,1
CAGCGTCTAGAAGT-1,3
CAGCGTCTCCTGAA-1,1
CAGCGTCTGAACCT-1,1
CAGCGTCTGTCTTT-1,3
CAGCGTCTTCAAGC-1,2
CAGCGTCTTCCTTA-1,2
CAGCGTCTTTCACT-1,1
CAGCTAGACCTTCG-1,2
CAGCTAGAGGGCAA-1,3
CAGCTAGATCTGGA-1,1
CAGCTCACATCGGT-1,1
CAGCTCACGGAACG-1,1
CAGCTCTGTGACTG-1,3
CAGGAACTAAGTGA-1,3
CAGGAACTAATCGC-1,1
CAGGAACTGCTAAC-1,3
CAGGCCGACTTGCC-1,1
CAGGCCGAGTGAGG-1,1
CAGGTAACGCATAC-1,3
CAGGTAACGTGCTA-1,1
CAGGTAACTAGAAG-1,2
CAGGTATGACCTGA-1,1
CAGGTATGAGAAGT-1,1
CAGGTATGGCCATA-1,1
CAGGTTGACCACCT-1,1
CAGGTTGACTTATC-1,2
CAGGTTGAGAGCAG-1,1
CAGTCAGACATACG-1,2
CAGTCAGACTTAGG-1,3
CAGTCAGAGGACTT-1,1
CAGTGATGAGCTCA-1,1
CAGTGATGCCTTAT-1,1
CAGTGATGCTGTAG-1,1
CAGTGATGGCTAAC-1,1
CAGTGATGGTGCTA-1,3
CAGTGATGTATCGG-1,2
CAGTGTGAACGTGT-1,1
CAGTGTGAATACCG-1,1
CAGTGTGATCCTGC-1,2
CAGTTACTAAGAGT-1,3
CAGTTACTAGAGAT-1,1
CAGTTGGAAACGGG-1,1
CAGTTTACTCCCAC-1,1
CATAAAACAGAGGC-1,1
CATAAAACTTATCC-1,1
CATAAATGACCCAA-1,2
CATAAATGAGTGTC-1,1
CATAAATGTAAGCC-1,1
CATAAATGTAAGGA-1,2
CATAACCTACGCTA-1,1
CATAACCTCCGTAA-1,1
CATAACCTGACGGA-1,1
CATACTACAAAGCA-1,1
CATACTACAAGAGT-1,2
CATACTACCTAGTG-1,1
CATACTACTGCTCC-1,1
CATACTTGAGCATC-1,1
CATACTTGATAAGG-1,1
CATACTTGCACTCC-1,1
CATACTTGTGAAGA-1,1
CATAGTCTGCGTTA-1,1
CATAGTCTGTGTAC-1,1
CATAGTCTTGCTGA-1,1
CATATAGAAGATGA-1,2
CATCAACTACACTG-1,1
CATCAACTCTGGAT-1,1
CATCAACTGAGGAC-1,1
CATCAACTGCGATT-1,1
CATCATACAAAAGC-1,2
CATCATACCAGGAG-1,2
CATCATACTCATTC-1,1
CATCATACTTCGGA-1,2
CATCCCGACACAAC-1,1
CATCCCGACCGTAA-1,1
CATCCCGAGGTATC-1,2
CATCGCTGAACAGA-1,1
CATCGCTGGGTTCA-1,1
CATCGGCTGGCAAG-1,1
CATCGGCTTGCTTT-1,3
CATCTCCTAGCTCA-1,1
CATCTCCTCACTGA-1,1
CATCTCCTGCGAAG-1,1
CATCTCCTGTGCTA-1,1
CATCTTGAGGATTC-1,2
CATCTTGATATTCC-1,2
CATCTTGATGCGTA-1,1
CATGAGACTACGCA-1,1
CATGAGACTGCGTA-1,1
CATGCGCTTGTCCC-1,1
CATGGATGAACAGA-1,3
CATGGATGAGGTTC-1,2
CATGGATGCGGGAA-1,1
CATGGCCTGGTATC-1,2
CATGGCCTGTGCTA-1,2
CATGGCCTTTACTC-1,1
CATGTACTGTATCG-1,1
CATGTACTTCCCAC-1,1
CATGTTACCGTCTC-1,2
CATGTTACCTGAGT-1,1
CATGTTACGTGCAT-1,1
CATGTTACTAGAGA-1,3
CATGTTTGAGCAAA-1,2
CATGTTTGCACAAC-1,2
CATTACACATCAGC-1,1
CATTACACCATCAG-1,1
CATTACACGAATCC-1,1
CATTACACGCTAAC-1,1
CATTAGCTATGACC-1,1
CATTAGCTGAGCAG-1,2
CATTCCCTCCTCGT-1,3
CATTCCCTCGCTAA-1,1
CATTCCCTTCTCCG-1,2
CATTCCCTTCTTCA-1,1
CATTCCCTTGGTAC-1,1
CATTGACTGAGACG-1,2
CATTGGGAAGGAGC-1,2
CATTGGGAGGGAGT-1,1
CATTGGGATCCAAG-1,1
CATTGTACGAGACG-1,1
CATTGTACTTACTC-1,2
CATTGTTGCTGTCC-1,1
CATTGTTGTCCTGC-1,1
CATTTGACTGCTCC-1,1
CATTTGACTTATCC-1,1
CATTTGTGACCATG-1,1
CATTTGTGCATGCA-1,1
CCAAAGTGTGACAC-1,1
CCAACCTGGTTGGT-1,1
CCAACCTGTTGCGA-1,1
CCAAGAACCCAGTA-1,3
CCAAGAACTCTTCA-1,1
CCAAGATGCAGTTG-1,1
CCAAGATGCTGCAA-1,1
CCAAGATGGGACGA-1,1
CCAAGTGACCGAAT-1,2
CCAAGTGAGGCAAG-1,1
CCAAGTGATTATCC-1,1
CCAATGGAGAGGCA-1,1
CCAATTTGAGGGTG-1,1
CCAATTTGCGCTAA-1,1
CCAATTTGCGTCTC-1,1
CCAATTTGTTGCAG-1,2
CCACCATGATCACG-1,1
CCACCATGGACGGA-1,2
CCACCATGGGTCTA-1,1
CCACCATGTTACCT-1,2
CCACCTGAAGTGCT-1,1
CCACCTGACATTTC-1,1
CCACCTGATCGACA-1,1
CCACGGGACCCACT-1,1
CCACGGGATGAGAA-1,1
CCACTGACTAAAGG-1,1
CCACTGTGAAAACG-1,1
CCACTGTGAGCCAT-1,1
CCACTGTGCCACAA-1,1
CCACTGTGGACGGA-1,1
CCACTGTGGCTTAG-1,3
CCACTGTGTCCGAA-1,1
CCACTTCTTAAGCC-1,1
CCAGAAACACGGGA-1,1
CCAGAAACCTGCAA-1,1
CCAGAAACTGGTGT-1,1
CCAGACCTATTCGG-1,1
CCAGACCTGAATCC-1,3
CCAGACCTGACGGA-1,1
CCAGACCTGAGCTT-1,1
CCAGACCTTACGAC-1,1
CCAGATGAACTACG-1,1
CCAGATGAGTGTTG-1,1
CCAGCACTAAAGCA-1,1
CCAGCGGAAAGCCT-1,1
CCAGCGGACTCATT-1,3
CCAGCGGATTTACC-1,1
CCAGCTACAGACTC-1,1
CCAGCTACGAGATA-1,1
CCAGCTACTCGTTT-1,2
CCAGCTACTTTGCT-1,1
CCAGGTCTAAGCCT-1,1
CCAGGTCTCAACTG-1,2
CCAGGTCTGTTAGC-1,1
CCAGGTCTTCTTAC-1,2
CCAGGTCTTGGTTG-1,1
CCAGTCACAAGCAA-1,3
CCAGTCACCATTGG-1,1
CCAGTCACCCCTAC-1,1
CCAGTCACGGTCAT-1,1
CCAGTCACGTTCGA-1,2
CCAGTCTGACTAGC-1,1
CCAGTCTGCTGAAC-1,1
CCAGTGCTCTTTAC-1,2
CCAGTGCTGACACT-1,1
CCAGTGCTTGCTCC-1,1
CCATATACAAACAG-1,1
CCATCCGAAAGGGC-1,1
CCATCCGAATGCTG-1,1
CCATCCGACAACCA-1,1
CCATCCGACGGGAA-1,1
CCATCCGAGGTGTT-1,1
CCATCCGATGAGAA-1,1
CCATCGTGAACGGG-1,1
CCATCGTGCAGGAG-1,1
CCATCGTGGAAGGC-1,1
CCATCGTGGTTCAG-1,1
CCATCGTGGTTTCT-1,2
CCATCGTGTCGTGA-1,1
CCATCGTGTGTTCT-1,1
CCATCGTGTTCTCA-1,1
CCATGCTGAAACAG-1,2
CCATGCTGAAGGCG-1,1
CCATGCTGAAGGGC-1,1
CCATTAACCGCATA-1,1
CCATTAACGTTGGT-1,2
CCCAAAGAAAGATG-1,2
CCCAAAGACAACCA-1,3
CCCAAAGACATGCA-1,1
CCCAAAGATCACCC-1,1
CCCAAAGATCTACT-1,1
CCCAAAGATGCTAG-1,1
CCCAACACCTGACA-1,1
CCCAACACGACAAA-1,1
CCCAACTGAACTGC-1,1
CCCAACTGATTCCT-1,1
CCCAACTGGAGCAG-1,1
CCCAACTGGTCATG-1,1
CCCACATGCCGTAA-1,1
CCCACATGCGCATA-1,2
CCCAGACTCGACAT-1,1
CCCAGACTCTTTAC-1,1
CCCAGACTTCTGGA-1,1
CCCAGTTGAAGGGC-1,1
CCCAGTTGACTGTG-1,3
CCCAGTTGAGAACA-1,3
CCCAGTTGCTGAGT-1,1
CCCATGTGCATGGT-1,1
CCCATGTGGGAGTG-1,1
CCCATGTGTCGTGA-1,1
CCCGAACTCCAATG-1,1
CCCGAACTGACGAG-1,1
CCCGAACTTGACCA-1,1
CCCGATTGCATTGG-1,2
CCCGATTGCTTAGG-1,2
CCCGATTGCTTCCG-1,3
CCCGATTGTTTACC-1,2
CCCGGAGAACGCTA-1,1
CCCGGAGAAGCACT-1,1
CCCGGAGAGAATAG-1,1
CCCGGAGAGATGAA-1,1
CCCTAGTGGCTTCC-1,2
CCCTAGTGTCGTAG-1,1
CCCTAGTGTGAGAA-1,3
CCCTGAACACCATG-1,1
CCCTGAACTGGTTG-1,1
CCCTTACTCACACA-1,1
CCCTTACTGTATCG-1,2
CCGAAAACCTGAAC-1,1
CCGAAAACTGAAGA-1,2
CCGACACTGGTAAA-1,3
CCGACTACACTCTT-1,1
CCGACTACCTTGGA-1,1
CCGATAGACTGCAA-1,1
CCGATAGACTTCCG-1,1
CCGCGAGAGAAACA-1,1
CCGCGAGATAAAGG-1,1
CCGCTATGACCTGA-1,1
CCGCTATGAGCGGA-1,1
CCGCTATGCATACG-1,1
CCGGAGACCCATGA-1,2
CCGGAGACGACACT-1,2
CCGGAGACGAGAGC-1,1
CCGGAGACGCTACA-1,1
CCGGAGACGGAACG-1,1
CCGGAGACGTGCAT-1,1
CCGGAGACTTCTTG-1,1
CCGGAGTGAGCCTA-1,2
CCGGAGTGTGGTAC-1,1
CCGGTACTCTGTAG-1,1
CCGGTACTGTTGGT-1,1
CCGGTACTTCCTCG-1,1
CCGTAAGACACTAG-1,1
CCGTAAGAGATGAA-1,3
CCGTACACCATGCA-1,3
CCGTACACGAGCAG-1,3
CCTAAACTACCTAG-1,2
CCTAAACTGTTACG-1,1
CCTAAGGACAATCG-1,1
CCTAAGGACAGATC-1,2
CCTACCGACTAGAC-1,2
CCTACCGAGGTAAA-1,1
CCTAGAGAAGAGAT-1,2
CCTAGAGAGAGAGC-1,1
CCTATAACCTATGG-1,1
CCTATTGACAGATC-1,1
CCTCATCTGTTGGT-1,1
CCTCATCTTCGATG-1,1
CCTCATCTTGGTGT-1,1
CCTCGAACCCTAAG-1,1
CCTCGAACGAGATA-1,1
CCTCGAACTGGAGG-1,2
CCTCTACTCCGTTC-1,2
CCTCTACTCTCGAA-1,1
CCTGACTGGGTGAG-1,1
CCTGACTGTACGCA-1,3
CCTGAGCTGAGATA-1,1
CCTGAGCTGCTACA-1,1
CCTGAGCTGTCTAG-1,3
CCTGAGCTTTGGCA-1,1
CCTGCAACCCCAAA-1,1
CCTGCAACTCATTC-1,1
CCTGGACTATGTGC-1,1
CCTGGACTCGACTA-1,1
CCTGGACTCTCATT-1,1
CCTGGACTGCGTTA-1,2
CCTGGACTGCTCCT-1,1
CCTGGACTGTGTAC-1,1
CCTGGACTTCACGA-1,1
CCTGGACTTCTCTA-1,1
CCTTCACTAGCGGA-1,1
CCTTTAGAACACAC-1,2
CCTTTAGACATTGG-1,1
CGAACATGTCTCGC-1,2
CGAACATGTGCATG-1,3
CGAAGTACTGTGGT-1,1
CGAATCGAGTCTAG-1,1
CGAATCGATACTTC-1,1
CGAATCGATCGTAG-1,1
CGACCACTGTTGCA-1,1
CGACCGGAGGTGGA-1,1
CGACCTACAGCACT-1,1
CGACCTACGGCAAG-1,1
CGACCTACTAGCCA-1,1
CGACCTACTCTCAT-1,1
CGACCTTGAACGTC-1,2
CGACCTTGCGAGTT-1,1
CGACCTTGTGTGCA-1,1
CGACGTCTATGTCG-1,1
CGACGTCTCCTTCG-1,3
CGACTCACTCTTTG-1,1
CGACTCTGACTACG-1,1
CGACTCTGCATGGT-1,2
CGACTCTGCCACAA-1,1
CGACTCTGGATAAG-1,1
CGACTCTGGCAGAG-1,1
CGACTGCTATGGTC-1,1
CGACTGCTCCACAA-1,1
CGACTGCTCTATGG-1,2
CGACTGCTGTAAAG-1,1
CGACTGCTTCATTC-1,2
CGAGAACTTCACGA-1,1
CGAGAACTTTGCGA-1,1
CGAGATTGCTAAGC-1,1
CGAGATTGTGACCA-1,3
CGAGCCGACACCAA-1,1
CGAGCGTGCTGGTA-1,1
CGAGCGTGGATACC-1,1
CGAGGAGAGGTGTT-1,1
CGAGGAGAGTTGGT-1,1
CGAGGAGATCCCAC-1,1
CGAGGCACAGTTCG-1,1
CGAGGCTGCGCCTT-1,1
CGAGGCTGGGTTAC-1,1
CGAGGCTGTGGATC-1,1
CGAGGGCTAAAGTG-1,1
CGAGGGCTGAGGGT-1,2
CGAGGGCTTCCGAA-1,1
CGAGTATGCTCCAC-1,2
CGAGTATGGACGGA-1,1
CGAGTATGTCCAGA-1,1
CGAGTATGTGCAGT-1,3
CGAGTATGTTCTAC-1,2
CGATACGACTTATC-1,1
CGATACGAGACGAG-1,1
CGATACGAGGTAAA-1,1
CGATACGAGTTGCA-1,2
CGATAGACCTCTTA-1,1
CGATAGACCTTCCG-1,1
CGATAGACGCTGTA-1,1
CGATCAGACCAGTA-1,2
CGATCAGACCCTCA-1,1
CGATCAGAGATGAA-1,1
CGATCAGAGCAAGG-1,2
CGATCAGATGACAC-1,1
CGATCAGATTGAGC-1,1
CGATCCACTCGATG-1,1
CGCAAATGGTACAC-1,1
CGCAAATGTGATGC-1,1
CGCAAATGTTCACT-1,1
CGCAACCTAGAAGT-1,2
CGCAACCTCTTGGA-1,1
CGCACTACGAGGTG-1,1
CGCAGGACATCGAC-1,1
CGCAGGACCTTACT-1,2
CGCAGGTGGAGACG-1,2
CGCAGGTGTGCCAA-1,1
CGCATAGACGTGAT-1,3
CGCATAGAGTCTAG-1,1
CGCCATACACCGAT-1,1
CGCCATACGCAAGG-1,1
CGCCATACTGTCCC-1,2
CGCCATTGAGGTCT-1,1
CGCCATTGATCACG-1,1
CGCCATTGCCATAG-1,1
CGCCATTGGGAACG-1,2
CGCCATTGTAAGGA-1,2
CGCCTAACCCTGAA-1,2
CGCCTAACCGTTGA-1,1
CGCCTAACGCTGTA-1,2
CGCGAGACACGTGT-1,1
CGCGAGACAGATCC-1,1
CGCGAGACAGTACC-1,1
CGCGAGACGGAAGC-1,1
CGCGGATGACACTG-1,2
CGCGGATGACCATG-1,1
CGCGGATGAGGTTC-1,1
CGCGGATGCCAGTA-1,1
CGCGGATGCCTAAG-1,1
CGCGGATGCGACAT-1,1
CGCGGATGCGCTAA-1,2
CGCGGATGGTCACA-1,1
CGCTAAGAGGAAGC-1,3
CGCTAAGAGTACCA-1,1
CGCTAAGAGTCACA-1,3
CGCTAAGATCTCGC-1,1
CGCTAAGATGGAAA-1,1
CGCTACACAGTCTG-1,1
CGCTACACATGCTG-1,1
CGCTACACCATTCT-1,1
CGCTACACGTGCTA-1,1
CGCTACTGACCACA-1,1
CGCTACTGGCTACA-1,1
CGCTACTGTCGCAA-1,1
CGCTCATGATGTCG-1,2
CGGAATTGCTTCGC-1,1
CGGACCGAAGACTC-1,1
CGGACCGACACTAG-1,2
CGGACCGACCTTTA-1,2
CGGACTCTAGGTTC-1,2
CGGACTCTATCGAC-1,1
CGGACTCTGGGCAA-1,1
CGGACTCTGTTCGA-1,3
CGGATAACAGTACC-1,1
CGGATAACCCCTAC-1,1
CGGATAACGGTGGA-1,1
CGGATAACTGCAGT-1,1
CGGATATGACGCAT-1,1
CGGATATGGAGATA-1,1
CGGATATGGGGATG-1,1
CGGATATGTTCTCA-1,1
CGGCACGACTAGTG-1,2
CGGCCAGAACAGTC-1,1
CGGCCAGACACTAG-1,2
CGGCGAACCATCAG-1,1
CGGCGAACGAGGCA-1,2
CGGCGAACGCTTCC-1,3
CGGCGAACTAGCCA-1,1
CGGCGATGAACCGT-1,3
CGGCGATGTTCAGG-1,1
CGGGACTGAAACGA-1,2
CGGGACTGTATGGC-1,1
CGGGCATGCGAGTT-1,1
CGGGCATGTGTGAC-1,1
CGGTAAACAGCGGA-1,1
CGGTAAACCCGTTC-1,1
CGGTCACTCGTGTA-1,1
CGGTCACTGAATGA-1,3
CGGTCACTTCTTCA-1,2
CGTAACGAAGAAGT-1,1
CGTAACGAATGACC-1,1
CGTAACGACGCCTT-1,2
CGTAACGAGAAACA-1,1
CGTAACGAGAATCC-1,1
CGTAACGATTGCAG-1,1
CGTACAGAAGTGCT-1,2
CGTACCACACGGAG-1,1
CGTACCACCGTAGT-1,1
CGTACCACGAGGAC-1,1
CGTACCACGCGATT-1,1
CGTACCACTCTATC-1,1
CGTACCTGCCAAGT-1,2
CGTACCTGCGCAAT-1,1
CGTACCTGCTTGGA-1,1
CGTACCTGGACGAG-1,2
CGTACCTGGCAGAG-1,1
CGTACCTGTTAGGC-1,1
CGTACCTGTTCGCC-1,1
CGTAGCCTACTAGC-1,1
CGTAGCCTATCACG-1,1
CGTAGCCTCGACAT-1,1
CGTAGCCTGAATCC-1,1
CGTCAAGAACTTTC-1,2
CGTCAAGAAGATGA-1,1
CGTCAAGATCTCCG-1,2
CGTCAAGATTGCTT-1,1
CGTCCAACCTTGCC-1,2
CGTCCAACGGTGTT-1,1
CGTCCAACTCTCCG-1,1
CGTCCATGGAGCTT-1,1
CGTCGACTACCAGT-1,1
CGTCGACTGAGCAG-1,1
CGTCGACTTAAGGA-1,3
CGTCGACTTCGATG-1,1
CGTGAAACACTGGT-1,2
CGTGAAACATCACG-1,1
CGTGAATGCTCTTA-1,1
CGTGAATGGAAGGC-1,2
CGTGATGAACTAGC-1,1
CGTGATGAACTCTT-1,1
CGTGCACTGGAAGC-1,1
CGTGCACTGTTAGC-1,1
CGTGCACTGTTCAG-1,1
CGTGCACTTGCACA-1,1
CGTGTAGACACCAA-1,3
CGTGTAGACCGAAT-1,1
CGTGTAGACTAGTG-1,1
CGTGTAGAGCTATG-1,1
CGTGTAGATGCTTT-1,1
CGTGTAGATGGTCA-1,2
CGTGTAGATGTTTC-1,1
CGTTAACTTTGCTT-1,1
CGTTAGGATTGCAG-1,1
CGTTATACATTGGC-1,1
CGTTTAACGAATGA-1,1
CTAAACCTCTGTGA-1,1
CTAAACCTGATGAA-1,3
CTAAACCTGTAGGG-1,3
CTAAACCTTGAAGA-1,2
CTAACACTCGAGAG-1,1
CTAACACTGACGTT-1,1
CTAACGGACATGAC-1,1
CTAACGGAGGACAG-1,1
CTAACGGAGTTCAG-1,1
CTAACGGATTCCCG-1,2
CTAACTACCCGAAT-1,1
CTAACTACTCTAGG-1,1
CTAAGGACACGCTA-1,1
CTAAGGACCGAACT-1,2
CTAAGGTGCTGGTA-1,2
CTAAGGTGTTGGTG-1,1
CTAATAGAAGTCGT-1,3
CTAATAGAATCGGT-1,1
CTAATGCTTCACGA-1,1
CTACAACTAGGGTG-1,1
CTACAACTTGAGGG-1,3
CTACCTCTAAACGA-1,1
CTACCTCTCGCCTT-1,1
CTACCTCTTTTGGG-1,1
CTACGCACGGGCAA-1,1
CTACGCACTCCTGC-1,2
CTACGGCTTCCTGC-1,1
CTACGGCTTTCCGC-1,2
CTACTATGAGACTC-1,2
CTACTATGATCGAC-1,1
CTACTATGTACGCA-1,1
CTACTCCTTTTGTC-1,1
CTAGAGACGCGAGA-1,1
CTAGAGACTCCTAT-1,2
CTAGATCTCGTTAG-1,1
CTAGATCTCTCATT-1,1
CTAGATCTGAGGGT-1,3
CTAGATCTGTACCA-1,1
CTAGATCTTATTCC-1,1
CTAGGATGGAGAGC-1,3
CTAGGATGGGAAGC-1,3
CTAGGCCTAAAGTG-1,1
CTAGGCCTTCTGGA-1,1
CTAGGTGAACCTGA-1,1
CTAGGTGAATTCTC-1,2
CTAGGTGACCCACT-1,2
CTAGGTGACCTCAC-1,1
CTAGGTGAGGACTT-1,3
CTAGGTGAGGTGTT-1,1
CTAGTTACCTACCC-1,1
CTAGTTACCTCGAA-1,1
CTAGTTACGAAGGC-1,1
CTAGTTTGAAGTGA-1,1
CTAGTTTGCAACCA-1,1
CTAGTTTGCTCGCT-1,1
CTAGTTTGGAATAG-1,1
CTAGTTTGGGACAG-1,3
CTAGTTTGGGAGTG-1,1
CTAGTTTGTTTGTC-1,1
CTATAAGAACAGTC-1,1
CTATAAGATATGCG-1,1
CTATAAGATCGCAA-1,1
CTATACTGAGTCAC-1,2
CTATACTGCTAGTG-1,1
CTATAGCTACTGTG-1,2
CTATCAACATTCTC-1,3
CTATCAACCCAGTA-1,1
CTATCATGCCGAAT-1,3
CTATCATGTGGCAT-1,1
CTATCCCTCCAATG-1,2
CTATGACTCAAGCT-1,1
CTATGTACTCAGTG-1,1
CTATGTACTTCAGG-1,1
CTATGTTGAGAGGC-1,1
CTATTGTGATGCTG-1,2
CTATTGTGATTCTC-1,2
CTATTGTGCTCTTA-1,2
CTATTGTGGCCATA-1,1
CTATTGTGTTACCT-1,1
CTCAATTGCTACTT-1,2
CTCAGCACAAACAG-1,1
CTCAGCTGCCAACA-1,3
CTCAGCTGGCCTTC-1,2
CTCAGCTGGTCTTT-1,1
CTCAGCTGTGGTGT-1,2
CTCAGGCTATAAGG-1,2
CTCAGGCTTAGCCA-1,3
CTCAGGCTTAGTCG-1,1
CTCAGGCTTATGCG-1,1
CTCAGGCTTCGACA-1,1
CTCAGGCTTCTTAC-1,1
CTCATTGAATGCCA-1,1
CTCATTGACCTACC-1,1
CTCATTGAGTCATG-1,1
CTCATTGATGATGC-1,2
CTCATTGATGCTTT-1,1
CTCCACGACTGAAC-1,1
CTCCACGATGTAGC-1,1
CTCCACGATTCTGT-1,1
CTCCATCTTGTTTC-1,1
CTCCGAACACCCTC-1,1
CTCCGAACGAATAG-1,2
CTCCGAACGGCGAA-1,1
CTCCGAACTGTCGA-1,1
CTCCTACTCTGTCC-1,1
CTCCTACTGGTTCA-1,1
CTCGAAGAAACCAC-1,1
CTCGAAGAAAGCAA-1,2
CTCGACACCATCAG-1,1
CTCGACACGCGTAT-1,1
CTCGACACTGGTCA-1,1
CTCGACTGGCTACA-1,1
CTCGAGCTCCATGA-1,1
CTCGAGCTTTTGGG-1,1
CTCGCATGTTTGCT-1,1
CTCTAAACGGAACG-1,1
CTCTAAACTGCCCT-1,1
CTCTAATGCTCCAC-1,3
CTGAACGAATACCG-1,2
CTGAACGACCCACT-1,3
CTGAACGACGTAGT-1,1
CTGAACGACTACGA-1,1
CTGAACGACTCTCG-1,1
CTGAACGAGCCTTC-1,1
CTGAACGATCCTAT-1,1
CTGAAGACTCCGAA-1,1
CTGAAGACTGCCTC-1,1
CTGAAGTGCCTCCA-1,1
CTGAAGTGTTTGGG-1,1
CTGAATCTCCTGAA-1,2
CTGAATCTCGATAC-1,1
CTGACAGACGTGAT-1,1
CTGACCACACGTAC-1,1
CTGACCACTCGATG-1,1
CTGAGAACTATTCC-1,1
CTGAGAACTTGAGC-1,1
CTGAGCCTCCGTAA-1,1
CTGAGCCTCTTGCC-1,1
CTGAGCCTGACGTT-1,1
CTGATACTACGTAC-1,2
CTGATACTGTTGTG-1,1
CTGATACTTGTCTT-1,1
CTGATACTTTCACT-1,1
CTGATGGATTTCTG-1,2
CTGATTTGAAACGA-1,1
CTGCAGCTCTTTAC-1,1
CTGCCAACTCCTCG-1,1
CTGGAAACCGTTAG-1,1
CTGGAAACTATGCG-1,1
CTGGAAACTTCGCC-1,1
CTGGATGAACCATG-1,1
CTGGATGACCTCGT-1,1
CTGGATGACTGGTA-1,1
CTGGATGACTTCTA-1,1
CTGTAACTCATGAC-1,2
CTGTAACTCCCTAC-1,1
CTGTAACTTATGGC-1,1
CTGTATACAAGGTA-1,1
CTGTATACTAAGGA-1,1
CTGTATACTGTAGC-1,1
CTGTGAGATTTGTC-1,1
CTTAAAGACTCGAA-1,1
CTTAAAGAGCTGAT-1,1
CTTAAAGATCGATG-1,1
CTTAACACAACCTG-1,1
CTTAACACAGTCAC-1,1
CTTAACACCATTCT-1,1
CTTAAGCTCTATGG-1,2
CTTAAGCTCTCTAT-1,2
CTTAAGCTTCATTC-1,1
CTTAAGCTTGTAGC-1,1
CTTACAACGGTTTG-1,1
CTTACATGCCACCT-1,1
CTTACATGCCCTCA-1,1
CTTACTGAAGTGCT-1,1
CTTACTGACAGTTG-1,1
CTTACTGAGTATCG-1,1
CTTACTGATGCCCT-1,1
CTTAGACTAATGCC-1,1
CTTAGACTGTCGTA-1,1
CTTAGACTGTTGGT-1,1
CTTAGACTTGCCCT-1,1
CTTAGACTTGCTGA-1,1
CTTAGGGACGTGAT-1,1
CTTAGGGATCTTAC-1,1
CTTATCGACAGTTG-1,3
CTTATCGACTAGCA-1,2
CTTATCGAGCCATA-1,3
CTTCACCTCTGATG-1,1
CTTCACCTTTACCT-1,2
CTTCTAGAACTCAG-1,1
CTTCTAGATACGAC-1,1
CTTCTAGATAGAGA-1,1
CTTCTAGATCTTAC-1,1
CTTGAACTACACTG-1,2
CTTGAACTCATTGG-1,1
CTTGAACTCTGCAA-1,1
CTTGAACTTAGAAG-1,1
CTTGAACTTTGGTG-1,1
CTTGAACTTTTCGT-1,1
CTTGAGGAACGACT-1,1
CTTGAGGAATCTTC-1,1
CTTGAGGACTCAAG-1,2
CTTGATTGAACGTC-1,1
CTTGATTGCATGGT-1,1
CTTGATTGCTCATT-1,1
CTTGTATGAAGATG-1,3
CTTGTATGAGCATC-1,1
CTTGTATGCTAGTG-1,1
CTTGTATGCTCTAT-1,2
CTTGTATGTCAAGC-1,1
CTTTACGAGCTTAG-1,1
CTTTACGATTGCAG-1,1
CTTTAGACACACCA-1,1
CTTTAGACTTCCCG-1,1
CTTTAGTGTATGGC-1,1
CTTTAGTGTGTGAC-1,1
CTTTCAGAAGCGGA-1,1
CTTTCAGACAGAGG-1,1
CTTTGATGCGAACT-1,1
GAAACAGAAGAATG-1,1
GAAACAGACCAGTA-1,1
GAAACAGAGGTACT-1,1
GAAACCTGCTGGAT-1,1
GAAACCTGGCTACA-1,1
GAAACCTGGGTACT-1,1
GAAAGATGCGGGAA-1,1
GAAAGATGGGTATC-1,1
GAAAGATGTTCTGT-1,1
GAAAGCCTGGAAAT-1,1
GAAAGCCTTCATTC-1,1
GAAAGCCTTGAAGA-1,1
GAAAGTGAACAGTC-1,1
GAAAGTGAACCCTC-1,1
GAAAGTGAATGACC-1,1
GAAAGTGAGGGCAA-1,1
GAAAGTGATGCGTA-1,1
GAAAGTGATTGGCA-1,1
GAAATACTACGACT-1,3
GAAATACTGGAAAT-1,3
GAAATACTGGCAAG-1,1
GAACAGCTCGAACT-1,1
GAACAGCTCGAATC-1,1
GAACAGCTGCTTAG-1,1
GAACAGCTTGGAAA-1,1
GAACCAACAGGTTC-1,1
GAACCAACGCTGTA-1,1
GAACCTGACAACTG-1,1
GAACGGGACACTAG-1,2
GAACGGGACAGCTA-1,2
GAACGGGACTCTAT-1,1
GAACGGGAGACAAA-1,3
GAACGGGATCCTCG-1,1
GAACGTTGAAGATG-1,2
GAACGTTGATGTGC-1,3
GAACGTTGGGGATG-1,1
GAACGTTGGTTAGC-1,1
GAACGTTGTCCAAG-1,1
GAACGTTGTGGGAG-1,3
GAACGTTGTGTCCC-1,2
GAACTGTGAGGAGC-1,2
GAACTGTGGGTAGG-1,1
GAAGAATGAGACTC-1,1
GAAGAATGATAAGG-1,1
GAAGAATGTGTGCA-1,1
GAAGATGACCACAA-1,1
GAAGATGAGATGAA-1,2
GAAGCGGAAAAACG-1,1
GAAGCGGATAACCG-1,1
GAAGCGGATATCGG-1,1
GAAGCTTGCTTGTT-1,1
GAAGCTTGGCTCCT-1,1
GAAGCTTGGCTTCC-1,1
GAAGCTTGTGGAAA-1,1
GAAGCTTGTGTGGT-1,2
GAAGGGTGTCACCC-1,1
GAAGGTCTACGTAC-1,3
GAAGGTCTAGAGGC-1,2
GAAGGTCTGGTATC-1,1
GAAGGTCTGGTTAC-1,2
GAAGTCACAGAGGC-1,2
GAAGTCACCACACA-1,1
GAAGTCACCGGGAA-1,1
GAAGTCTGCAGAGG-1,3
GAAGTCTGCCACCT-1,2
GAAGTCTGGATACC-1,1
GAAGTCTGGGTCAT-1,2
GAAGTCTGTAAGCC-1,1
GAAGTCTGTGACTG-1,1
GAAGTGCTCAGATC-1,2
GAATGCACCCAGTA-1,1
GAATGGCTTGCATG-1,1
GAATTAACCAACTG-1,1
GAATTAACTACTGG-1,1
GACAACACCATACG-1,1
GACAACACCGTCTC-1,1
GACAACACCTGTCC-1,1
GACAACACGGACAG-1,1
GACAACACTGACAC-1,1
GACAACTGCCTTAT-1,3
GACAACTGCCTTCG-1,1
GACAACTGCTTTAC-1,1
GACAACTGTCCCGT-1,1
GACACTGAACTCTT-1,1
GACACTGACGGAGA-1,1
GACACTGACGGGAA-1,2
GACACTGAGTCGAT-1,2
GACAGGGAAACCAC-1,3
GACAGGGAAGTGTC-1,1
GACAGGGACCCTTG-1,1
GACAGTACAAAACG-1,1
GACAGTACACCTAG-1,1
GACAGTACAGAACA-1,1
GACAGTACCACTCC-1,1
GACAGTACCCACAA-1,1
GACAGTACCGTGTA-1,2
GACAGTACTAGCCA-1,1
GACAGTACTGGAGG-1,1
GACAGTACTGGATC-1,1
GACATTCTCAGTTG-1,1
GACATTCTGAGGCA-1,2
GACATTCTTCAGTG-1,2
GACATTCTTTTGTC-1,1
GACCAAACACTCTT-1,1
GACCAAACCAACTG-1,1
GACCAAACGCATCA-1,1
GACCATGACTCAAG-1,2
GACCATGAGAGCTT-1,1
GACCATGAGAGGAC-1,3
GACCATGAGGTGTT-1,1
GACCCTACAGATCC-1,3
GACCCTACAGTTCG-1,1
GACCCTACATCTTC-1,1
GACCCTACATGGTC-1,1
GACCCTACCGTAGT-1,1
GACCCTACCTGAAC-1,2
GACCCTACGCGATT-1,3
GACCCTACTATCGG-1,1
GACCTAGACGACAT-1,1
GACCTAGAGAGGTG-1,3
GACCTAGAGTTGGT-1,1
GACCTAGATATTCC-1,3
GACCTCACGAGACG-1,2
GACCTCACTCGTAG-1,1
GACCTCTGACCCTC-1,1
GACCTCTGCCCACT-1,1
GACCTCTGGGGATG-1,1
GACCTCTGTGTGCA-1,1
GACGAACTCTAGCA-1,1
GACGAACTGCTCCT-1,1
GACGAACTGTTGTG-1,1
GACGATTGACAGTC-1,1
GACGATTGACGCAT-1,1
GACGATTGGGAGCA-1,1
GACGATTGTACTCT-1,3
GACGATTGTCTTTG-1,1
GACGCCGAGTTTCT-1,1
GACGGCACGAGGTG-1,3
GACGGCACGCCATA-1,1
GACGGCACTCTACT-1,1
GACGTAACGACAGG-1,1
GACGTAACGGACGA-1,3
GACGTAACGTAAAG-1,1
GACGTAACTCATTC-1,2
GACGTAACTGGAGG-1,2
GACGTAACTGTGAC-1,2
GACGTATGTGGAGG-1,1
GACGTATGTGGTGT-1,1
GACGTCCTTATGGC-1,1
GACGTCCTTCAGTG-1,3
GACTACGATTGTGG-1,2
GACTCCTGGAGGGT-1,3
GACTGAACATTTCC-1,3
GACTGAACCAACTG-1,1
GACTGAACTCACCC-1,2
GACTGTGATGAGAA-1,1
GACTGTGATGCAAC-1,1
GACTTTACCACACA-1,1
GACTTTACTGTCAG-1,1
GAGAAATGAACAGA-1,1
GAGAGGTGAGCCAT-1,2
GAGAGGTGGGAGGT-1,1
GAGATAGAATTCTC-1,2
GAGATAGAATTTCC-1,3
GAGATCACCCGCTT-1,3
GAGATCACCCTCCA-1,2
GAGATGCTGGGATG-1,2
GAGCAACTACCTAG-1,1
GAGCAACTTCGCAA-1,1
GAGCAACTTTCCGC-1,1
GAGCAGGAACAGCT-1,1
GAGCAGGAACCTAG-1,2
GAGCAGGACAAGCT-1,1
GAGCAGGACGAACT-1,1
GAGCAGGATCGACA-1,1
GAGCAGGATTACCT-1,1
GAGCATACCTCAGA-1,1
GAGCATACGTACGT-1,1
GAGCGAGATTTACC-1,1
GAGCGCACAAGGTA-1,2
GAGCGCACCAGATC-1,1
GAGCGCACCCAGTA-1,3
GAGCGCACGAGGGT-1,2
GAGCGCACTCTCCG-1,1
GAGCGCTGACTGTG-1,3
GAGCGCTGCCACAA-1,1
GAGCGCTGGCTTAG-1,1
GAGCGCTGTTTCAC-1,1
GAGCGGCTTGTCTT-1,1
GAGCTCCTAAACAG-1,1
GAGCTCCTAAGTGA-1,1
GAGCTCCTCATCAG-1,1
GAGCTCCTGCGAAG-1,1
GAGCTCCTGGTATC-1,1
GAGCTCCTGTCCTC-1,1
GAGCTCCTTCTAGG-1,1
GAGGACGACACCAA-1,3
GAGGACGATTAGGC-1,2
GAGGATCTTGTGGT-1,1
GAGGATCTTTCACT-1,1
GAGGCAGAAAACGA-1,1
GAGGCCACCGTTAG-1,1
GAGGCCACGCGAAG-1,3
GAGGCCACGGACTT-1,1
GAGGCCACTCTAGG-1,1
GAGGCCACTTAGGC-1,1
GAGGGAACGAGCAG-1,1
GAGGGAACTCTCCG-1,1
GAGGGATGATCGTG-1,1
GAGGGATGTGGTTG-1,1
GAGGGCCTCAACCA-1,3
GAGGGCCTTAAGCC-1,1
GAGGGCCTTGAGGG-1,1
GAGGGCCTTTGACG-1,2
GAGGTACTAGTAGA-1,1
GAGGTACTCCCTAC-1,1
GAGGTACTCCTCCA-1,1
GAGGTACTGCCAAT-1,3
GAGGTGGAACACAC-1,1
GAGGTGGAACACCA-1,3
GAGGTGGAAGAGTA-1,1
GAGGTGGATAAGGA-1,1
GAGGTTACACTAGC-1,1
GAGGTTACCTCTCG-1,1
GAGGTTACCTGTCC-1,1
GAGGTTACGTTCGA-1,3
GAGGTTACTCCCGT-1,1
GAGGTTTGAAGTAG-1,2
GAGGTTTGCCTACC-1,1
GAGTAAGAAGAATG-1,1
GAGTAAGAAGCACT-1,1
GAGTAAGACTACGA-1,1
GAGTACTGTATCTC-1,1
GAGTACTGTCGTAG-1,1
GAGTCAACCATGAC-1,1
GAGTCAACCCCTTG-1,1
GAGTCAACTCGACA-1,1
GAGTCAACTCGCTC-1,1
GAGTCAACTGCCAA-1,1
GAGTCAACTTCGCC-1,1
GAGTGACTTTGGCA-1,1
GAGTGGGACACTGA-1,1
GAGTGGGAGTTAGC-1,1
GAGTGTTGCTTATC-1,1
GAGTTGTGCCAAGT-1,1
GATAAGGACCGATA-1,1
GATAAGGATGATGC-1,1
GATAATACCTACTT-1,1
GATACTCTCAGGAG-1,3
GATACTCTCTATGG-1,1
GATACTCTGCTTAG-1,2
GATACTCTTCCAGA-1,1
GATACTCTTCGCAA-1,1
GATAGAGAACCAAC-1,1
GATAGAGAGATAAG-1,2
GATAGCACCATGAC-1,3
GATAGCACCCGTTC-1,1
GATAGCACTTTACC-1,2
GATATAACCGACTA-1,2
GATATAACCGTCTC-1,2
GATATATGCCAAGT-1,1
GATATATGGGCAAG-1,2
GATATCCTACCACA-1,1
GATATCCTTCAGAC-1,1
GATATCCTTTCACT-1,2
GATATTGACCAACA-1,1
GATATTGATTGTGG-1,1
GATCATCTAATGCC-1,1
GATCATCTATGTGC-1,1
GATCATCTGCGATT-1,1
GATCATCTTGAAGA-1,1
GATCATCTTTGGCA-1,3
GATCCCTGATACCG-1,2
GATCCCTGATCTTC-1,3
GATCCCTGTGCCCT-1,1
GATCCGCTATCGTG-1,1
GATCGAACACCTTT-1,1
GATCGAACACTGTG-1,1
GATCGATGAACCTG-1,1
GATCGATGGGAAGC-1,1
GATCGATGTAGTCG-1,2
GATCGATGTTTACC-1,1
GATCGTGAATTCTC-1,1
GATCTACTCTTGGA-1,1
GATCTACTTCGCTC-1,1
GATCTACTTGCCTC-1,1
GATCTACTTGTCTT-1,1
GATCTTACAACCTG-1,1
GATCTTACCACTTT-1,1
GATCTTACCCACCT-1,1
GATCTTACCCCACT-1,1
GATCTTTGACACAC-1,1
GATCTTTGACGACT-1,1
GATCTTTGCTTACT-1,1
GATGACACACACTG-1,1
GATGACACGTTAGC-1,1
GATGACACTATGGC-1,2
GATGACACTCGCTC-1,1
GATGCAACGTTGAC-1,1
GATGCATGTATGCG-1,1
GATGCATGTCAGTG-1,2
GATGCCCTGAAAGT-1,2
GATTACCTCAGAGG-1,1
GATTACCTGAGGCA-1,1
GATTCGGAACGTAC-1,2
GATTCGGAGAGGCA-1,1
GATTCGGAGTGTAC-1,2
GATTCGGAGTTACG-1,3
GATTCGGATGTGCA-1,1
GATTCGGATTTCGT-1,1
GATTCTACCGCATA-1,3
GATTCTACTACGAC-1,3
GATTCTACTCAGGT-1,1
GATTCTTGAGATCC-1,1
GATTCTTGAGTTCG-1,1
GATTCTTGTATCGG-1,1
GATTGGACCCTCAC-1,1
GATTGGACTGTGCA-1,2
GATTGGACTTCGCC-1,1
GATTGGTGACCATG-1,1
GATTGGTGTAACGC-1,2
GATTGGTGTCGTTT-1,1
GATTTAGACAGCTA-1,1
GATTTAGATGGAGG-1,1
GCAAACTGCCCACT-1,1
GCAAACTGGCTAAC-1,1
GCAAACTGGTGCTA-1,1
GCAACCCTCGTTGA-1,1
GCAACCCTGGTCTA-1,1
GCAACCCTGTAAGA-1,1
GCAACCCTTGCTAG-1,2
GCAACTGAACGTAC-1,1
GCAACTGAGGGAGT-1,1
GCAAGACTCTGGTA-1,2
GCAAGACTTGCTGA-1,1
GCAATCGACCGAAT-1,1
GCAATCGATCAGTG-1,1
GCAATCGATCCAGA-1,2
GCAATCGATGTTTC-1,1
GCAATTCTAGATCC-1,1
GCAATTCTTGGAGG-1,1
GCACAAACAACGTC-1,1
GCACAAACCTGGTA-1,1
GCACACCTATACCG-1,1
GCACACCTCTTTAC-1,3
GCACACCTGAACCT-1,2
GCACACCTTTCCAT-1,1
GCACCTACCCAACA-1,1
GCACCTACTCGACA-1,1
GCACCTACTGACTG-1,1
GCACGGTGAATGCC-1,1
GCACGGTGTATCGG-1,1
GCACGGTGTCCTAT-1,1
GCACGTCTAAGTGA-1,1
GCACGTCTGGAAAT-1,2
GCACGTCTGGTTAC-1,1
GCACTAGAGAGGGT-1,2
GCACTAGAGCAAGG-1,2
GCACTGCTAACGAA-1,2
GCACTGCTGTGAGG-1,1
GCACTGCTTAGAAG-1,1
GCACTGCTTCCGTC-1,3
GCACTGCTTTGAGC-1,1
GCAGATACACCTTT-1,2
GCAGATACCTCAGA-1,1
GCAGATACGAATAG-1,1
GCAGATACGGTGGA-1,1
GCAGATACTTTGCT-1,3
GCAGCCGAAAAGTG-1,1
GCAGCCGAAACGAA-1,1
GCAGCCGAGTAAGA-1,1
GCAGCCGATTGCTT-1,1
GCAGCGTGCTACGA-1,3
GCAGCGTGGGAAAT-1,1
GCAGCGTGGGTATC-1,1
GCAGGCACAGCCTA-1,1
GCAGGCACCGTAAC-1,1
GCAGGCACCGTTGA-1,1
GCAGGGCTACCTCC-1,1
GCAGGGCTCGTGTA-1,1
GCAGGGCTGCTCCT-1,1
GCAGTCCTATCGAC-1,1
GCAGTCCTATGACC-1,1
GCAGTCCTCTCTAT-1,1
GCAGTCCTGTAGCT-1,1
GCAGTCCTTTGTGG-1,1
GCAGTTGAAAGGCG-1,1
GCAGTTGACGGGAA-1,1
GCATCAGAGAGGCA-1,1
GCATGATGCGCATA-1,1
GCATGATGCTCGCT-1,3
GCATGATGCTCTCG-1,1
GCATGATGGATACC-1,1
GCATGTGACCATGA-1,1
GCATGTGACCTTAT-1,1
GCATGTGACCTTTA-1,2
GCATTGGACGCCTT-1,1
GCATTGGAGTGTCA-1,1
GCCAAAACCATACG-1,3
GCCAAAACCTTGGA-1,3
GCCAAAACGGGACA-1,1
GCCAAAACGTGAGG-1,2
GCCAACCTGTGCAT-1,1
GCCACGGACGTTGA-1,1
GCCACGGAGCAGTT-1,1
GCCACGGAGTGTAC-1,1
GCCACTACAAAGCA-1,2
GCCATCACACACTG-1,1
GCCATCACCAACCA-1,1
GCCATCACGTTACG-1,1
GCCATCACTTTACC-1,1
GCCATGCTAGAATG-1,1
GCCCAACTAGCCAT-1,1
GCCCAACTCATGCA-1,1
GCCCAACTCGTTAG-1,1
GCCCAACTGCTTCC-1,1
GCCCAACTTCATTC-1,2
GCCCATACCTCTCG-1,1
GCCCATACGAACTC-1,1
GCCCATACTGGAAA-1,1
GCCGACGAAATCGC-1,1
GCCGACGACACTAG-1,1
GCCGAGTGAACGGG-1,1
GCCGAGTGATCACG-1,1
GCCGAGTGCAGGAG-1,1
GCCGGAACTCCAAG-1,1
GCCGTACTAAGGCG-1,3
GCCGTACTCGAATC-1,1
GCCGTACTTTCCCG-1,1
GCCTACACAGGTCT-1,1
GCCTACACCGTTGA-1,1
GCCTACACCTTCCG-1,1
GCCTACACTCTATC-1,2
GCCTAGCTAAACGA-1,1
GCCTAGCTCGTTGA-1,1
GCCTAGCTGATAGA-1,3
GCCTCAACACTACG-1,1
GCCTCAACGCTTCC-1,1
GCCTCAACTTCGTT-1,1
GCCTCATGGAGGAC-1,3
GCCTCATGGTGCTA-1,1
GCGAAGGAACCAGT-1,3
GCGAAGGACTCTCG-1,1
GCGAAGGAGCTATG-1,1
GCGAAGGAGGACGA-1,3
GCGAAGGATTCCGC-1,1
GCGACTCTAGATGA-1,2
GCGACTCTGCGAAG-1,1
GCGACTCTTCTAGG-1,1
GCGAGAGACCAACA-1,1
GCGAGAGACCTGAA-1,1
GCGAGAGAGAGCAG-1,1
GCGAGCACTGCAAC-1,1
GCGAGCACTTACCT-1,3
GCGATATGCTTATC-1,1
GCGATATGTCCAGA-1,1
GCGATATGTTTCGT-1,1
GCGCACGAAGACTC-1,1
GCGCACGAATGCTG-1,1
GCGCATCTCAGAAA-1,1
GCGCATCTGAATGA-1,2
GCGCATCTTGATGC-1,1
GCGCGAACACGCTA-1,1
GCGCGAACCGCAAT-1,1
GCGCGAACCTCAGA-1,2
GCGCGAACGTGCTA-1,1
GCGCGAACTGCCAA-1,1
GCGCGATGGGAGCA-1,2
GCGCGATGTCCGTC-1,3
GCGCGATGTTGGTG-1,1
GCGGACTGCCAGTA-1,1
GCGGACTGGGACTT-1,1
GCGGAGCTTCACGA-1,1
GCGGAGCTTTCTCA-1,1
GCGGCAACCAGTCA-1,1
GCGGCAACGGATTC-1,1
GCGGCAACTTCCAT-1,2
GCGGGACTACTACG-1,1
GCGGGACTAGGAGC-1,2
GCGGGACTCCCACT-1,2
GCGGGACTGTGTAC-1,1
GCGGGACTGTTCGA-1,2
GCGGGACTTGCATG-1,1
GCGTAAACATGCTG-1,1
GCGTAAACATTCTC-1,2
GCGTAATGAATGCC-1,2
GCGTAATGACTTTC-1,1
GCGTAATGGACGAG-1,1
GCGTAATGGCAAGG-1,1
GCGTAATGGTCTTT-1,1
GCGTAATGTCATTC-1,1
GCGTACCTACGTGT-1,1
GCGTACCTCAGTTG-1,1
GCGTACCTCTATGG-1,2
GCGTACCTGAGCTT-1,1
GCGTACCTTGGTTG-1,1
GCGTATGATAGTCG-1,1
GCTACAGAATCGGT-1,1
GCTACAGAGGAAGC-1,2
GCTACCTGAACCAC-1,2
GCTACCTGCCATGA-1,1
GCTACCTGTGCAGT-1,2
GCTACGCTGTATCG-1,1
GCTAGAACAAGGTA-1,1
GCTAGAACTAGCGT-1,1
GCTAGATGATGTCG-1,1
GCTAGATGGCAAGG-1,1
GCTAGATGGCTCCT-1,1
GCTAGATGTGACCA-1,1
GCTATACTACCTGA-1,2
GCTATACTCAGATC-1,2
GCTATACTGACTAC-1,1
GCTCAAGACAATCG-1,1
GCTCAAGACTCATT-1,2
GCTCACTGCCGAAT-1,1
GCTCACTGGAGGAC-1,1
GCTCACTGTCGTAG-1,1
GCTCACTGTTCGCC-1,1
GCTCAGCTGACAAA-1,1
GCTCCATGCTGTAG-1,1
GCTCCATGGAATAG-1,1
GCTCCATGGGACGA-1,2
GCTCCATGGTCGAT-1,1
GCTCCATGTAGAAG-1,1
GCTCCATGTAGACC-1,1
GCTCGACTGTCTGA-1,1
GCTGATGAACACAC-1,1
GCTGATGAATCAGC-1,1
GCTGATGACCTACC-1,1
GCTGATGAGGATCT-1,1
GCTGATGATGAGAA-1,1
GCTGATGATTAGGC-1,1
GCTGATGATTCTAC-1,1
GCTTAACTCTGGTA-1,1
GCTTGAGAGACAAA-1,1
GCTTGAGATACTGG-1,3
GCTTGAGATATGCG-1,1
GCTTGAGATCTCTA-1,1
GGAACTACGCATAC-1,1
GGAACTACTACTCT-1,1
GGAACTTGAACCGT-1,2
GGAACTTGAACGGG-1,2
GGAAGGACAACCGT-1,2
GGAAGGACCAGAGG-1,1
GGAAGGACCATTCT-1,1
GGAAGGTGTCTCCG-1,1
GGAATGCTCTTGGA-1,1
GGACAACTAAGCAA-1,1
GGACAACTAGTGTC-1,3
GGACAACTCGCCTT-1,1
GGACAACTTGGAAA-1,1
GGACAGGATAGACC-1,1
GGACATTGACCAAC-1,1
GGACATTGCTGAGT-1,3
GGACATTGCTGATG-1,1
GGACATTGGGTGTT-1,1
GGACATTGTGTCTT-1,2
GGACCCGAAGAGTA-1,1
GGACCCGACGTAGT-1,1
GGACCGTGAACCAC-1,1
GGACCGTGTCCCAC-1,1
GGACCTCTATCGAC-1,1
GGACCTCTATTTCC-1,1
GGACCTCTGCCATA-1,1
GGACCTCTTCTCTA-1,1
GGACCTCTTGTCGA-1,1
GGACGAGACGAGTT-1,2
GGACGAGAGAGATA-1,1
GGACGCACTGCAGT-1,1
GGACTATGTAGACC-1,1
GGACTATGTCACGA-1,1
GGACTATGTCGACA-1,1
GGAGACGACCCTCA-1,2
GGAGACGATGCGTA-1,1
GGAGAGACGTCGAT-1,1
GGAGCAGAACAGCT-1,1
GGAGCAGAGGTAGG-1,1
GGAGCCACCTCCCA-1,2
GGAGCGCTCATCAG-1,1
GGAGCGCTGATACC-1,3
GGAGGATGAACCAC-1,1
GGAGGATGGTCGAT-1,1
GGAGGATGGTGCAT-1,1
GGAGGCCTCCAGTA-1,1
GGAGGCCTTGTGAC-1,1
GGAGGTGAATAAGG-1,1
GGAGGTGATCTACT-1,1
GGAGTTACACCTAG-1,1
GGAGTTACAGTCAC-1,1
GGAGTTACCTCTAT-1,1
GGAGTTACGGACAG-1,2
GGAGTTACTCTGGA-1,1
GGAGTTTGCATGAC-1,1
GGATACTGAAGTGA-1,1
GGATACTGCATCAG-1,1
GGATAGCTGAAACA-1,3
GGATAGCTGCTTCC-1,1
GGATAGCTGGAGGT-1,1
GGATAGCTGGGATG-1,1
GGATAGCTGTTCTT-1,3
GGATGTACGCTACA-1,1
GGATGTACGTAGCT-1,1
GGATGTTGCGATAC-1,2
GGATGTTGTTTGTC-1,2
GGATTGTGCAAAGA-1,1
GGATTGTGCCACCT-1,1
GGATTGTGCGTTGA-1,1
GGATTTCTGCGTTA-1,1
GGATTTCTTAAAGG-1,1
GGATTTCTTGAGGG-1,1
GGCAAGGATGGGAG-1,1
GGCAATACACGTTG-1,1
GGCAATACCGTAAC-1,1
GGCAATACCTATTC-1,2
GGCAATACCTCAAG-1,3
GGCAATACGAGGTG-1,1
GGCAATACGGCATT-1,2
GGCACGTGAAGCCT-1,1
GGCACGTGACACAC-1,1
GGCACGTGAGTCTG-1,3
GGCACTCTACGGAG-1,1
GGCACTCTCTCGAA-1,1
GGCACTCTGTCCTC-1,3
GGCATATGAGCATC-1,1
GGCATATGCCATGA-1,1
GGCATATGCCGTTC-1,2
GGCATATGTAACGC-1,2
GGCATATGTGTGAC-1,1
GGCCACGACCAACA-1,3
GGCCACGACCGCTT-1,1
GGCCAGACCAACCA-1,2
GGCCAGACTCGACA-1,1
GGCCAGACTGTTCT-1,1
GGCCCAGAAAGTAG-1,1
GGCCCAGACCGATA-1,2
GGCCCAGACTCATT-1,1
GGCCGAACATCAGC-1,1
GGCCGAACATGACC-1,2
GGCCGAACTAAGGA-1,1
GGCCGATGCGGGAA-1,1
GGCCGATGCTGCAA-1,1
GGCCGATGTGCGTA-1,2
GGCGACACCCAACA-1,3
GGCGACACCCTCGT-1,1
GGCGACACGAGACG-1,1
GGCGACACGCATCA-1,2
GGCGACACGTCATG-1,1
GGCGACACTTTGGG-1,1
GGCGACTGACGGAG-1,1
GGCGACTGGCTTCC-1,1
GGCGACTGTCCCAC-1,2
GGCGACTGTCTACT-1,1
GGCGCATGCGTAAC-1,1
GGCGGACTAAGCAA-1,1
GGCGGACTATGTCG-1,3
GGCGGACTGTTCGA-1,2
GGCGGACTTAACCG-1,2
GGCGGACTTGCAGT-1,1
GGCTAAACGAGGGT-1,1
GGCTAAACGTAAGA-1,1
GGCTAATGACACCA-1,1
GGCTAATGGAGGTG-1,1
GGCTACCTGGGTGA-1,1
GGCTACCTTTGCTT-1,2
GGGAACGACTGTTT-1,3
GGGAAGACACGTGT-1,1
GGGAAGACCCAGTA-1,2
GGGAAGACCCTGTC-1,1
GGGAAGACCGGGAA-1,1
GGGAAGTGATGCTG-1,3
GGGAAGTGGGTCTA-1,1
GGGACCACACCTGA-1,1
GGGACCACTGACCA-1,1
GGGACCACTTCATC-1,2
GGGACCACTTTCTG-1,3
GGGACCTGAACCAC-1,2
GGGACCTGATTCTC-1,1
GGGACCTGCTGATG-1,1
GGGACCTGGCTACA-1,1
GGGACCTGGTGAGG-1,1
GGGATTACGGAGGT-1,1
GGGATTACTTGGTG-1,1
GGGCAAGAACTCAG-1,1
GGGCCAACGCGTAT-1,1
GGGCCATGAGAACA-1,3
GGGTAACTCACTCC-1,2
GGGTAACTTAACGC-1,1
GGGTTAACATCACG-1,1
GGGTTAACGGTTCA-1,2
GGGTTAACGTCATG-1,1
GGGTTAACTCGATG-1,1
GGGTTATGATACCG-1,1
GGTAAAGAAGTGCT-1,1
GGTACAACCGACAT-1,1
GGTACAACCTTTAC-1,1
GGTACAACGAGCTT-1,1
GGTACATGACCAAC-1,1
GGTACATGGAATAG-1,1
GGTACTGACCCACT-1,1
GGTAGTACCCTCGT-1,1
GGTATCGATGTTTC-1,1
GGTATGACATGGTC-1,1
GGTATGACTGGTAC-1,2
GGTCAAACGAATGA-1,1
GGTCAAACGACAGG-1,1
GGTCTAGAACACTG-1,1
GGTCTAGAGGAGGT-1,2
GGTGATACACGGGA-1,1
GGTGATACAGATGA-1,1
GGTGATACCATGGT-1,1
GGTGGAGAGATAAG-1,1
GGTTGAACATCACG-1,1
GGTTGAACCAGGAG-1,1
GGTTGAACTTGCTT-1,1
GGTTTACTAAACGA-1,2
GGTTTACTAGATGA-1,1
GGTTTACTGCAAGG-1,1
GGTTTACTGTAAAG-1,2
GTAACGTGCGAGTT-1,1
GTAACGTGTATGCG-1,1
GTAACGTGTCCGAA-1,3
GTAAGCACCGTACA-1,1
GTAAGCACCTCATT-1,1
GTAAGCACCTGTTT-1,1
GTAAGCTGAGAACA-1,1
GTAAGCTGAGATGA-1,1
GTAATAACACAGTC-1,3
GTAATAACGGAAAT-1,3
GTAATAACTCTATC-1,2
GTAATAACTCTTAC-1,1
GTAATATGTACTCT-1,1
GTACAGTGTGAGCT-1,1
GTACCCTGCTCTAT-1,2
GTACCCTGGACAAA-1,1
GTACCCTGGCTATG-1,1
GTACCCTGTCAAGC-1,1
GTACCCTGTCTTAC-1,1
GTACCCTGTGCCAA-1,1
GTACGAACACTACG-1,1
GTACGTGAGGACAG-1,1
GTACTACTAGAGTA-1,1
GTACTACTAGTACC-1,1
GTACTACTGTCGAT-1,1
GTACTACTTAAGGA-1,1
GTACTTTGCCGTTC-1,1
GTACTTTGCTGATG-1,3
GTACTTTGTCTTTG-1,3
GTAGACTGGCGATT-1,1
GTAGCAACCCTTTA-1,1
GTAGCATGCGGTAT-1,1
GTAGCATGTCTACT-1,3
GTAGCCCTCGTAGT-1,1
GTAGCCCTGCAGTT-1,2
GTAGCTGAAAGTGA-1,1
GTAGCTGACAAGCT-1,1
GTAGCTGACCCTCA-1,1
GTAGCTGAGTAAAG-1,1
GTAGCTGATCTTAC-1,1
GTAGCTGATGTCAG-1,1
GTAGGTACAGAACA-1,1
GTAGTCGACTCTTA-1,1
GTAGTCGAGACTAC-1,1
GTAGTCGAGCGTTA-1,1
GTAGTCGATGACCA-1,1
GTAGTGACCGCAAT-1,3
GTAGTGACGACGGA-1,1
GTAGTGACTCAGAC-1,3
GTAGTGTGATTCGG-1,1
GTAGTGTGGCCATA-1,3
GTAGTGTGGCGATT-1,2
GTATCACTAACGTC-1,1
GTATCACTAGGTTC-1,1
GTATCACTCAATCG-1,1
GTATCACTTTTCGT-1,2
GTATCTACGCTGTA-1,1
GTATCTACGGACGA-1,1
GTATCTACGTATCG-1,1
GTATCTACGTCAAC-1,1
GTATGGTGCAGATC-1,1
GTATTAGAAGGTCT-1,2
GTATTAGATTCGTT-1,3
GTATTCACAAAGCA-1,1
GTATTCACCGAACT-1,1
GTATTCACCTACCC-1,2
GTATTCACTAAGGA-1,1
GTCAACGAGGTATC-1,3
GTCAATCTAGTGTC-1,1
GTCAATCTTCCCAC-1,1
GTCAATCTTCTAGG-1,1
GTCACAGACAACCA-1,1
GTCACAGACGCAAT-1,3
GTCACAGAGCGTAT-1,1
GTCACCTGCTACCC-1,1
GTCATACTTGACAC-1,2
GTCATACTTTTGCT-1,1
GTCCAAGAGTGTAC-1,3
GTCCACACCGGGAA-1,1
GTCCACACTCTACT-1,1
GTCCACTGCGAGAG-1,1
GTCCAGCTCCAGTA-1,3
GTCCAGCTCGTGAT-1,1
GTCCAGCTCTTCCG-1,1
GTCCAGCTTACTGG-1,1
GTCCAGCTTCACGA-1,1
GTCCCATGCCAAGT-1,1
GTCCCATGCTAAGC-1,3
GTCCCATGCTTTAC-1,1
GTCGAATGAACGTC-1,1
GTCGAATGCTCAGA-1,1
GTCGAATGGCTGTA-1,2
GTCGAATGTGCCTC-1,1
GTCGACCTATGGTC-1,1
GTCGACCTCCGTAA-1,1
GTCGACCTGCCCTT-1,1
GTCGCACTCCTCAC-1,1
GTCTAACTACCAGT-1,1
GTCTAACTCAGAGG-1,1
GTCTAACTCTTTAC-1,1
GTCTAACTGACACT-1,1
GTCTAACTTCGCAA-1,1
GTCTAGGACCTTAT-1,3
GTCTAGGAGCCCTT-1,1
GTCTAGGATGTCAG-1,1
GTCTGAGACACAAC-1,2
GTCTGAGAGAAGGC-1,2
GTCTGAGATAAAGG-1,3
GTGAACACAGAACA-1,1
GTGAACACGCAGAG-1,1
GTGAACACGTTGCA-1,2
GTGAACACTTGGTG-1,1
GTGACAACTTGAGC-1,2
GTGACCCTGCAAGG-1,1
GTGACCCTGTAGCT-1,1
GTGAGGGAACCGAT-1,1
GTGAGGGAGGACTT-1,1
GTGATCGAACGTGT-1,1
GTGATCGAGGTTAC-1,2
GTGATCGATCCAAG-1,1
GTGATGACACGACT-1,1
GTGATGACACGGGA-1,1
GTGATGACAGCCTA-1,1
GTGATTCTACAGCT-1,2
GTGATTCTACTGTG-1,1
GTGATTCTCTTACT-1,1
GTGATTCTGAGCAG-1,1
GTGATTCTGTTAGC-1,1
GTGATTCTTTCCCG-1,1
GTGCAAACCTCGAA-1,3
GTGCAAACTCGACA-1,1
GTGCCACTGCCAAT-1,1
GTGCCACTTATCTC-1,3
GTGCTAGAAAACGA-1,1
GTGCTAGAACACCA-1,2
GTGCTAGACGTACA-1,1
GTGCTAGAGGAAAT-1,1
GTGGAGGAATTCTC-1,1
GTGGAGGACGTAGT-1,1
GTGGAGGATACAGC-1,1
GTGGAGGATCTAGG-1,1
GTGGATTGATCGAC-1,1
GTGGATTGGTACCA-1,1
GTGGTAACTGTTTC-1,1
GTGGTAACTTTCAC-1,2
GTGTACGAAACGGG-1,3
GTGTACGAGAGCAG-1,1
GTGTAGTGTCCAAG-1,1
GTGTAGTGTGGTCA-1,1
GTGTAGTGTTACTC-1,1
GTGTATCTGGTTTG-1,2
GTGTATCTTTCTTG-1,1
GTGTGATGAACCGT-1,1
GTGTGATGAGTCGT-1,1
GTGTGATGATCAGC-1,1
GTGTGATGCGCCTT-1,1
GTGTGATGGTACGT-1,3
GTTAAAACGTCCTC-1,1
GTTAAAACTAGCGT-1,1
GTTAAATGCAGGAG-1,2
GTTAAATGTTCGTT-1,1
GTTAAATGTTTGTC-1,1
GTTAACCTGGTGTT-1,1
GTTAACCTTATCGG-1,2
GTTAACCTTGGATC-1,3
GTTACGGAAACCAC-1,1
GTTACGGACCATAG-1,1
GTTACGGAGGTAGG-1,1
GTTACGGAGGTTAC-1,1
GTTACTACAATCGC-1,1
GTTACTACCTTTAC-1,2
GTTACTACGGCATT-1,2
GTTACTACGGGATG-1,1
GTTACTACTGGTCA-1,1
GTTAGTCTCCGTAA-1,2
GTTAGTCTCTTGAG-1,1
GTTAGTCTTCCAGA-1,1
GTTATAGAAACCGT-1,2
GTTATAGACCCAAA-1,3
GTTATAGACTACCC-1,1
GTTATAGACTGTCC-1,1
GTTATAGATAGAGA-1,3
GTTATCTGCACCAA-1,2
GTTATCTGCGTCTC-1,1
GTTATGCTCATGAC-1,1
GTTATGCTTTTGGG-1,1
GTTCAACTCAAAGA-1,1
GTTCAACTCATGAC-1,1
GTTCAACTCGAGAG-1,1
GTTCAACTCTGCTC-1,1
GTTCAGGACCTCGT-1,2
GTTCAGGAGCTACA-1,3
GTTCAGGATACTCT-1,1
GTTCATACGAAGGC-1,1
GTTCATACTTGTCT-1,1
GTTGACGACAATCG-1,1
GTTGACGACCGCTT-1,1
GTTGACGAGGGTGA-1,1
GTTGACGAGGTAAA-1,1
GTTGACGAGTACGT-1,1
GTTGACGATGTCCC-1,1
GTTGAGTGCTGACA-1,1
GTTGAGTGTAGCCA-1,2
GTTGAGTGTCATTC-1,1
GTTGAGTGTTCCGC-1,1
GTTGATCTCGACAT-1,1
GTTGATCTGAGACG-1,1
GTTGATCTGGTTAC-1,2
GTTGGATGACCTAG-1,1
GTTGGATGTATTCC-1,1
GTTGTACTCAGTCA-1,1
GTTGTACTCCTATT-1,1
GTTGTACTGAAACA-1,2
GTTTAAGAAACTGC-1,1
GTTTAAGAAGGAGC-1,1
TAAACAACGACAGG-1,3
TAAACAACGCTGTA-1,2
TAAACAACGGATCT-1,1
TAAACAACGTTTGG-1,1
TAAAGACTTATTCC-1,1
TAAAGACTTGACTG-1,3
TAAAGACTTGTCCC-1,2
TAAAGTTGAAGCCT-1,1
TAAAGTTGACGCAT-1,1
TAAAGTTGACTGGT-1,3
TAAAGTTGCTGATG-1,2
TAAAGTTGGAGGAC-1,1
TAAATCGACATGCA-1,1
TAAATCGATCCCAC-1,1
TAACAATGAGAACA-1,1
TAACAATGGCTACA-1,1
TAACACCTAGCGTT-1,1
TAACACCTTCACGA-1,3
TAACATGACTGAGT-1,1
TAACATGATGGATC-1,1
TAACCGGACCTATT-1,1
TAACCGGAGCGATT-1,1
TAACGTCTCTAGTG-1,1
TAACGTCTGCTGTA-1,1
TAACGTCTTACTGG-1,1
TAACTAGAATTGGC-1,1
TAACTAGATATGGC-1,1
TAACTCACCGCATA-1,1
TAACTCACTTGCAG-1,1
TAAGAACTATCGGT-1,1
TAAGAACTCCCTAC-1,3
TAAGAACTGATAAG-1,2
TAAGAACTTAGACC-1,1
TAAGAGGACTTGAG-1,1
TAAGAGGACTTGCC-1,1
TAAGAGGAGTCACA-1,1
TAAGATACACCTGA-1,1
TAAGATACGGATTC-1,1
TAAGATACTCTCGC-1,2
TAAGATTGCAGATC-1,3
TAAGATTGTTCGCC-1,1
TAAGCGTGCTCGAA-1,1
TAAGCGTGTCGACA-1,2
TAAGCGTGTTGTGG-1,3
TAAGCTCTTAGCCA-1,1
TAAGCTCTTATGGC-1,1
TAAGCTCTTCCGAA-1,1
TAAGCTCTTGAGAA-1,2
TAAGCTCTTTCTCA-1,1
TAAGGCTGGCAAGG-1,1
TAAGGCTGGGCAAG-1,1
TAAGGCTGTCTGGA-1,1
TAAGTAACCCGTTC-1,3
TAAGTAACCTTAGG-1,3
TAAGTAACGCTAAC-1,1
TAAGTAACGGGATG-1,1
TAAGTAACTTTGCT-1,1
TAAGTCCTAAGGTA-1,1
TAAGTCCTCTCCAC-1,3
TAAGTCCTCTGCAA-1,1
TAATCCACACCCAA-1,1
TAATCCACATCGAC-1,1
TAATCCACATGCCA-1,1
TAATCCACCCGTTC-1,2
TAATCCACCTTCTA-1,1
TAATCGCTCGACTA-1,1
TAATCGCTTATTCC-1,1
TAATGAACCAACCA-1,1
TAATGAACCAGATC-1,3
TAATGAACCTAAGC-1,1
TAATGAACGTAAGA-1,1
TAATGAACTACTTC-1,1
TAATGAACTGGAGG-1,1
TAATGAACTTACTC-1,1
TAATGATGAACGGG-1,1
TAATGATGAGGGTG-1,1
TAATGATGGCTTCC-1,3
TAATGATGTCTTAC-1,1
TAATGATGTTATCC-1,1
TAATGATGTTGCGA-1,1
TAATGCCTCATTGG-1,1
TAATGCCTTGTGCA-1,1
TAATGTGAACCTTT-1,1
TACAAATGACACTG-1,1
TACAAATGCACTAG-1,1
TACAAATGGGACTT-1,1
TACAAATGTCTGGA-1,2
TACAAATGTTATCC-1,1
TACAATGATACTGG-1,3
TACAATGATAGAAG-1,1
TACAATGATCCAAG-1,1
TACACACTCGCTAA-1,2
TACACACTGAGGCA-1,1
TACACACTTTAGGC-1,1
TACCATTGACGGAG-1,1
TACCATTGATCGGT-1,1
TACCATTGTTTACC-1,1
TACCGAGAGGAGTG-1,1
TACCGCTGATGCCA-1,1
TACCGCTGCGTACA-1,2
TACCGCTGGTCGTA-1,1
TACCGGCTGCTGAT-1,1
TACCGGCTGTCGTA-1,1
TACCGGCTTCGTTT-1,2
TACGAGACAGCCAT-1,1
TACGAGACCACTGA-1,1
TACGAGACCCTACC-1,1
TACGAGTGAACCTG-1,1
TACGAGTGGGTTTG-1,2
TACGAGTGTAAGGA-1,1
TACGATCTAGCGGA-1,1
TACGATCTGTTGAC-1,2
TACGATCTTGGATC-1,1
TACGCAGAGATAAG-1,2
TACGCCACACCTCC-1,1
TACGCCACCGTTAG-1,1
TACGCGCTCAATCG-1,2
TACGCGCTTCGTGA-1,1
TACGGAACTGCTTT-1,1
TACGGCCTAAGCAA-1,1
TACGGCCTCATTGG-1,2
TACGTACTATTCCT-1,1
TACGTACTGGTAAA-1,1
TACGTTACGACGAG-1,3
TACGTTACGCTTAG-1,1
TACGTTACTCCGAA-1,1
TACGTTACTCGCTC-1,1
TACGTTACTCTCCG-1,3
TACTAAGAAGCTCA-1,3
TACTAAGATAAAGG-1,1
TACTAAGATACTCT-1,3
TACTACACCGAGAG-1,1
TACTACACCGTCTC-1,2
TACTACACGTTCTT-1,1
TACTACTGAGTACC-1,1
TACTACTGAGTTCG-1,1
TACTACTGCTCGCT-1,1
TACTACTGCTGACA-1,3
TACTCAACAGTACC-1,1
TACTCAACCTTATC-1,1
TACTCAACGGAACG-1,1
TACTCAACGGCGAA-1,1
TACTCAACTATGGC-1,3
TACTCCCTGCTCCT-1,2
TACTCCCTTGACTG-1,1
TACTCTGAAAACAG-1,2
TACTCTGAACACAC-1,1
TACTCTGACTTAGG-1,1
TACTCTGAGGACGA-1,1
TACTCTGATTGGCA-1,3
TACTGGGACCTCAC-1,3
TACTGGGACCTTTA-1,1
TACTGGGAGCCAAT-1,1
TACTGGGATACAGC-1,1
TACTGGGATGGATC-1,1
TACTGGGATTCCAT-1,1
TACTGTTGAGTCGT-1,1
TACTGTTGCGGGAA-1,1
TACTGTTGTGTGAC-1,1
TACTTGACAGCATC-1,1
TACTTGACCTAAGC-1,1
TACTTGACGGCGAA-1,1
TACTTGACGGTAGG-1,1
TACTTGACTTGGCA-1,2
TACTTTCTAACGAA-1,1
TACTTTCTCCTTTA-1,3
TACTTTCTGTCCTC-1,1
TAGAAACTAGCTAC-1,1
TAGAATACTCACCC-1,2
TAGAATACTGACTG-1,1
TAGAATTGTTGAGC-1,2
TAGAATTGTTGGTG-1,1
TAGACGTGAGCAAA-1,1
TAGACGTGCATTTC-1,1
TAGAGAGATGTAGC-1,1
TAGAGCACCACCAA-1,2
TAGAGCACCACTAG-1,2
TAGAGCACCAGAGG-1,1
TAGAGCACCTTGCC-1,1
TAGAGCACGCAGAG-1,1
TAGAGCACGGTCTA-1,1
TAGAGCACTGGTTG-1,1
TAGATCCTAGATCC-1,1
TAGATCCTCCTATT-1,1
TAGATCCTGGACGA-1,1
TAGATCCTTCGTGA-1,1
TAGATTGACGGGAA-1,1
TAGATTGATCACCC-1,1
TAGATTGATTCACT-1,1
TAGCATCTCATCAG-1,1
TAGCATCTTATTCC-1,1
TAGCCCACTGACAC-1,1
TAGCCCTGCCGAAT-1,1
TAGCCCTGCCGCTT-1,1
TAGCCGCTAGTCAC-1,1
TAGCCGCTTACTCT-1,1
TAGCCGCTTAGCGT-1,1
TAGCCGCTTGCATG-1,1
TAGCGATGGGGATG-1,1
TAGCTACTGGTGAG-1,1
TAGCTACTTCCTTA-1,1
TAGGACTGCGAATC-1,3
TAGGAGCTTCTTTG-1,1
TAGGCAACGAATCC-1,2
TAGGCATGTGCTCC-1,1
TAGGCTGAAGCCTA-1,1
TAGGCTGAATCACG-1,1
TAGGCTGACAACTG-1,1
TAGGCTGACATGCA-1,1
TAGGCTGACTAGTG-1,1
TAGGCTGAGGCAAG-1,2
TAGGGACTAGTAGA-1,2
TAGGGACTATCTTC-1,2
TAGGGACTGTTCTT-1,2
TAGGGACTTATCGG-1,1
TAGGTCGACGAGAG-1,3
TAGGTCGACTTACT-1,1
TAGGTCGAGTCGTA-1,1
TAGGTCGATGGTCA-1,1
TAGGTGTGAGATCC-1,2
TAGGTTCTTCGATG-1,1
TAGTAAACCTCATT-1,1
TAGTAAACCTCTCG-1,1
TAGTAATGACCGAT-1,3
TAGTAATGACCTCC-1,1
TAGTAATGTTCGGA-1,1
TAGTACCTCAACTG-1,3
TAGTACCTGCATAC-1,1
TAGTACCTGCTAAC-1,2
TAGTACCTTCTATC-1,1
TAGTCACTCCAACA-1,1
TAGTCACTGTCCTC-1,1
TAGTCGGAACACGT-1,2
TAGTCGGAATCGTG-1,1
TAGTCGGAGATACC-1,1
TAGTCGGAGGTCTA-1,2
TAGTCTTGCTTGTT-1,1
TAGTCTTGGAAACA-1,1
TAGTGGTGACCCTC-1,1
TAGTGGTGACGTAC-1,1
TAGTGGTGCATTGG-1,1
TAGTGGTGGCGAGA-1,2
TAGTGGTGGCTATG-1,1
TAGTGGTGTGCAGT-1,1
TAGTTAGAGGACGA-1,1
TAGTTCACGATGAA-1,1
TAGTTCACGCATCA-1,1
TAGTTCACGTCACA-1,1
TAGTTCACTAAAGG-1,1
TAGTTGCTAAAAGC-1,1
TATAAGACTTCCCG-1,2
TATAAGTGAGCGTT-1,1
TATAAGTGAGCTAC-1,2
TATAAGTGCAGATC-1,1
TATAAGTGTACGAC-1,1
TATAAGTGTAGTCG-1,2
TATACAGACCCTCA-1,1
TATACAGACTAGTG-1,1
TATACAGAGCTTCC-1,1
TATACAGAGGTGAG-1,2
TATACAGAGTAGGG-1,1
TATACAGATACTCT-1,1
TATACCACCTTGCC-1,1
TATACCACGCATAC-1,1
TATACCACGGTTTG-1,2
TATACCACTACTGG-1,1
TATACGCTGCTTAG-1,1
TATACGCTGGTCAT-1,2
TATAGATGAAGGGC-1,1
TATAGATGATGGTC-1,2
TATAGATGGGGAGT-1,1
TATAGATGGGTGGA-1,1
TATAGATGGTCACA-1,1
TATAGCCTCTTGTT-1,2
TATAGCCTGTTCGA-1,1
TATAGCCTTCCGAA-1,1
TATAGCCTTCTCTA-1,1
TATCAAGAATCAGC-1,1
TATCAAGAGTCATG-1,2
TATCACTGTGGGAG-1,1
TATCAGCTACGCTA-1,1
TATCAGCTACGGTT-1,1
TATCAGCTCCGTTC-1,1
TATCAGCTGAGAGC-1,1
TATCCAACCTGTAG-1,1
TATCCAACGGTTCA-1,3
TATCCAACTAGCCA-1,1
TATCCTGAACACGT-1,1
TATCCTGACCTTCG-1,1
TATCCTGAGTATCG-1,2
TATCGACTCGTACA-1,1
TATCGACTTCGACA-1,1
TATCGACTTTAGGC-1,1
TATCGTACGCGAAG-1,2
TATCTCGACATACG-1,1
TATCTCGACTGAGT-1,1
TATCTCGAGTTTGG-1,1
TATCTGACGGTTCA-1,1
TATCTGACTCCAAG-1,1
TATCTGACTTTGGG-1,1
TATCTTCTATTCCT-1,1
TATCTTCTCAAAGA-1,1
TATCTTCTTTCCGC-1,1
TATGAATGAACCGT-1,1
TATGAATGCATTTC-1,1
TATGAATGGTTCGA-1,1
TATGAATGTATGCG-1,2
TATGCGGACGTGAT-1,1
TATGCGGAGGATTC-1,1
TATGCGGATGGTGT-1,1
TATGGGACTGTCTT-1,1
TATGGGACTTCGCC-1,1
TATGGGTGAAGGGC-1,1
TATGGGTGACCTTT-1,2
TATGGGTGAGAAGT-1,1
TATGGGTGCTCAAG-1,1
TATGGGTGTCTTCA-1,1
TATGGGTGTGGTTG-1,1
TATGGTCTGTTAGC-1,1
TATGTCACGGGACA-1,1
TATGTCTGCTGTCC-1,1
TATGTCTGGCCATA-1,1
TATTGCTGCACTTT-1,2
TATTGCTGGTTGTG-1,3
TCAACACTCCTTAT-1,1
TCAACACTGTGAGG-1,1
TCAAGGACATCACG-1,2
TCAAGGACATCGGT-1,1
TCAAGGACGTTCTT-1,1
TCAAGGTGCCAATG-1,1
TCAAGGTGCCTTAT-1,1
TCAAGTCTATGCCA-1,1
TCAATAGAATCTCT-1,1
TCAATAGACTACGA-1,2
TCAATCACTAGCGT-1,1
TCACAACTATCGTG-1,2
TCACAACTATCTTC-1,1
TCACAACTGCTTCC-1,3
TCACATACCTTGAG-1,1
TCACCCGACGCCTT-1,1
TCACCGTGCACCAA-1,3
TCACCGTGGGAGGT-1,1
TCACCTCTACGACT-1,1
TCACCTCTCTATGG-1,1
TCACCTCTGTAAGA-1,2
TCACCTCTTGATGC-1,1
TCACGAGAAACCAC-1,1
TCACGAGAAGCACT-1,1
TCACGAGACGCAAT-1,1
TCACGAGACGGGAA-1,1
TCACGAGATACTTC-1,1
TCACTATGACTTTC-1,2
TCACTATGTACAGC-1,1
TCACTATGTTCACT-1,1
TCAGACGAAGGGTG-1,1
TCAGACGACGCAAT-1,1
TCAGACGACTTACT-1,1
TCAGACGATCGTAG-1,2
TCAGAGACAAGATG-1,3
TCAGAGACACACAC-1,1
TCAGAGACCGAATC-1,1
TCAGCAGACTGGAT-1,1
TCAGCGCTAAGGCG-1,1
TCAGTACTCCAACA-1,2
TCAGTACTTCTAGG-1,2
TCAGTACTTGCAGT-1,1
TCAGTGGAGACAAA-1,1
TCAGTGGAGTTTCT-1,3
TCAGTGGATTTACC-1,2
TCAGTTACACAGCT-1,1
TCAGTTACAGCTCA-1,1
TCAGTTACGGACAG-1,1
TCAGTTACTCCTCG-1,3
TCATCAACCTCCCA-1,1
TCATCAACTGGAGG-1,1
TCATCATGAGCTCA-1,1
TCATCATGCTCATT-1,1
TCATCCCTATGCCA-1,1
TCATGTACAGAAGT-1,1
TCATGTACTCGCCT-1,2
TCATTCGATACTTC-1,2
TCATTCGATTACCT-1,1
TCATTGACAGGAGC-1,1
TCATTGACGTTGCA-1,1
TCCACGTGTAGACC-1,1
TCCACTCTATCGAC-1,1
TCCACTCTCAGTCA-1,1
TCCACTCTTAACCG-1,1
TCCACTCTTAACGC-1,3
TCCACTCTTCCTGC-1,2
TCCAGAGAATCGGT-1,2
TCCAGAGAGGACTT-1,1
TCCATCCTGGAAAT-1,2
TCCATCCTGGTACT-1,2
TCCATCCTGGTTCA-1,2
TCCATCCTGGTTTG-1,2
TCCCAGACAGGCGA-1,3
TCCCAGACCTTTAC-1,2
TCCCATCTGTCCTC-1,1
TCCCATCTTTCCCG-1,1
TCCCGAACATCGAC-1,3
TCCCGAACTTGCAG-1,1
TCCCGAACTTTCTG-1,1
TCCCGATGCCTATT-1,1
TCCCGATGGGATTC-1,1
TCCCGATGTGGTAC-1,1
TCCCTACTGAGGAC-1,1
TCCGAAGAAGGCGA-1,1
TCCGAAGACATGCA-1,1
TCCGAAGAGCTCCT-1,1
TCCGAAGATGTCTT-1,1
TCCGAGCTTCTTCA-1,1
TCCGAGCTTTCATC-1,2
TCCTAAACGATACC-1,1
TCCTAAACGGTCTA-1,1
TCCTAAACGGTTAC-1,1
TCCTAATGCATACG-1,1
TCCTACCTGGGACA-1,3
TCCTATGAAAGCCT-1,2
TCCTATGACCTACC-1,1
TCGAATCTGTAAGA-1,1
TCGAATCTTCGCAA-1,2
TCGACCTGACTCAG-1,1
TCGACCTGATTGGC-1,1
TCGACCTGGCTGAT-1,1
TCGACCTGTCAAGC-1,1
TCGAGAACCAACTG-1,1
TCGAGAACGCCTTC-1,1
TCGAGCCTAAAAGC-1,1
TCGAGCCTGCTACA-1,3
TCGAGCCTGGACTT-1,1
TCGAGCCTGTTGCA-1,1
TCGAGCCTTATGCG-1,1
TCGATACTGTACGT-1,1
TCGATACTTGCCCT-1,1
TCGCAAGAACGGAG-1,3
TCGCAAGATCTTAC-1,1
TCGCACACTATTCC-1,1
TCGCACACTGTGCA-1,1
TCGCACTGACCGAT-1,1
TCGCACTGATGTCG-1,1
TCGCACTGTACTTC-1,1
TCGCAGCTAAGGCG-1,1
TCGCAGCTCCCAAA-1,2
TCGCAGCTCGTAGT-1,1
TCGCAGCTTTTGGG-1,1
TCGCCATGAATCGC-1,1
TCGCCATGAGAACA-1,1
TCGCCATGAGATCC-1,1
TCGGACCTCTGCTC-1,1
TCGGACCTTTGACG-1,1
TCGGCACTGTACGT-1,1
TCGGTAGATCGTTT-1,1
TCGGTAGATTGCAG-1,1
TCGTAGGACAGAGG-1,3
TCGTAGGACAGATC-1,1
TCGTAGGACTCGCT-1,2
TCGTAGGAGGAGTG-1,1
TCGTGAGAGCTGTA-1,1
TCGTTATGAACGGG-1,2
TCGTTATGACGTTG-1,1
TCGTTATGCCGCTT-1,3
TCGTTATGCGTAAC-1,1
TCGTTATGGAATGA-1,1
TCGTTATGGCAAGG-1,1
TCGTTATGGTAGCT-1,2
TCGTTATGTAGCGT-1,1
TCGTTATGTAGTCG-1,3
TCTAACACACGCAT-1,1
TCTAACACAGTCTG-1,1
TCTAACACCTGTTT-1,1
TCTAACACGCGTAT-1,1
TCTAACTGTTGCAG-1,1
TCTAAGCTGCTAAC-1,3
TCTAAGCTGTTAGC-1,1
TCTAAGCTTTGACG-1,1
TCTACAACCTGTCC-1,1
TCTACAACGGAGCA-1,1
TCTACAACTATGGC-1,1
TCTAGACTATACCG-1,1
TCTAGACTTCAAGC-1,1
TCTAGACTTTGTGG-1,2
TCTAGTTGAGCACT-1,3
TCTAGTTGCAGAGG-1,1
TCTAGTTGCGGTAT-1,1
TCTAGTTGCTCAAG-1,1
TCTAGTTGGGTACT-1,1
TCTAGTTGTTATCC-1,1
TCTAGTTGTTCACT-1,1
TCTATGTGAACTGC-1,1
TCTATGTGCGAGTT-1,1
TCTATGTGGGGCAA-1,2
TCTATGTGTAACGC-1,1
TCTCAAACAGCTAC-1,1
TCTCAAACCGCAAT-1,3
TCTCAAACGCGTTA-1,3
TCTCCACTAATCGC-1,1
TCTCCACTACCAAC-1,1
TCTCCACTCCACAA-1,1
TCTCCACTTTCCAT-1,1
TCTCTAGACTTGTT-1,1
TCTCTAGAGTATGC-1,1
TCTGATACACGGTT-1,1
TCTGATACAGTAGA-1,1
TCTGATACATCACG-1,1
TCTGATACCGAGAG-1,2
TCTTACGAAGGGTG-1,1
TCTTCAGAAAGGCG-1,1
TCTTGATGGTTCGA-1,1
TCTTGATGTGAGAA-1,2
TCTTGATGTGGAAA-1,3
TGAAATTGCTTGTT-1,2
TGAAATTGGACAGG-1,2
TGAACCGATGCTGA-1,3
TGAAGCACCTCTTA-1,1
TGAAGCACCTGAAC-1,1
TGAAGCACGTGTTG-1,3
TGAAGCTGACTAGC-1,1
TGAAGCTGGACGAG-1,1
TGAAGCTGGGAGGT-1,1
TGAAGCTGTATGGC-1,2
TGAATAACCATCAG-1,1
TGAATAACCTTGAG-1,1
TGAATAACGTCACA-1,1
TGAATAACTATCGG-1,1
TGAATAACTCGTTT-1,2
TGACACGATGAACC-1,1
TGACACGATTGCAG-1,3
TGACCAGACATTCT-1,1
TGACCAGACCTTTA-1,2
TGACCAGATCCAGA-1,1
TGACCAGATTTGCT-1,1
TGACCGCTAAGAGT-1,1
TGACCGCTACGTTG-1,1
TGACCGCTCATGCA-1,1
TGACCGCTCTCTCG-1,1
TGACCGCTCTGGTA-1,1
TGACCGCTGTCTAG-1,1
TGACCGCTGTCTGA-1,1
TGACCGCTTAAAGG-1,1
TGACCGCTTTTGCT-1,2
TGACGAACAGAGGC-1,1
TGACGAACAGTAGA-1,1
TGACGAACCATGAC-1,3
TGACGAACGCTAAC-1,1
TGACGAACGCTATG-1,2
TGACGAACTTCTTG-1,1
TGACGATGCTGATG-1,1
TGACGATGGCAGAG-1,3
TGACGATGTCTCGC-1,2
TGACGCCTCATGCA-1,2
TGACGCCTGGTTAC-1,3
TGACGCCTGTCTAG-1,3
TGACTGGATGCACA-1,1
TGACTGGATTCACT-1,1
TGACTTACAACGAA-1,1
TGACTTACCGTAAC-1,2
TGACTTACCTCCAC-1,1
TGACTTACTCGTTT-1,2
TGACTTACTGTGCA-1,2
TGACTTACTTTCAC-1,1
TGACTTTGCGTAAC-1,2
TGACTTTGCTGTAG-1,1
TGACTTTGTGACAC-1,1
TGAGACACGCATCA-1,1
TGAGACACTAACGC-1,1
TGAGACACTCGCCT-1,1
TGAGACACTTCACT-1,1
TGAGCAACCATTTC-1,1
TGAGCAACCCTCGT-1,1
TGAGCAACTGAACC-1,1
TGAGCAACTGAGCT-1,1
TGAGCTGACTCGAA-1,1
TGAGCTGAGGAGTG-1,3
TGAGGACTAGTGCT-1,1
TGAGGACTGAAAGT-1,1
TGAGGACTGAAGGC-1,1
TGAGTGACAGTCGT-1,2
TGAGTGACCTCTCG-1,1
TGAGTGACGCATAC-1,1
TGATAAACGGTAAA-1,1
TGATACCTCTCGCT-1,1
TGATATGAATGACC-1,2
TGATATGAGAAACA-1,1
TGATCGGACTATTC-1,1
TGATTAGACTACCC-1,2
TGATTCACAGGGTG-1,1
TGATTCTGGCGGAA-1,2
TGATTCTGGTAGGG-1,1
TGATTCTGTAACCG-1,1
TGATTCTGTACTTC-1,1
TGATTCTGTGTCGA-1,1
TGCAACGACGCCTT-1,1
TGCAACGACTGTTT-1,2
TGCAACGATATGCG-1,1
TGCAAGACACCAGT-1,1
TGCAAGACATCGAC-1,1
TGCAAGACTGTTCT-1,1
TGCAAGTGCAACTG-1,1
TGCAAGTGCACTAG-1,1
TGCAAGTGGACAAA-1,3
TGCAAGTGGTCTTT-1,1
TGCAATCTATTGGC-1,1
TGCAATCTCGAATC-1,1
TGCAATCTTCATTC-1,1
TGCAATCTTGAGGG-1,1
TGCACGCTCAAAGA-1,2
TGCACGCTCCCTAC-1,1
TGCACGCTCTAGTG-1,1
TGCAGATGAAAAGC-1,1
TGCATGGAAAGCAA-1,1
TGCATGGACCTCAC-1,3
TGCATGGAGGACTT-1,1
TGCATGGAGGTACT-1,2
TGCCAAGACTAAGC-1,1
TGCCAAGATGAGAA-1,1
TGCCACTGACCCTC-1,1
TGCCACTGCTTTAC-1,1
TGCCACTGTTCGGA-1,3
TGCCAGCTCCCACT-1,1
TGCCAGCTGCCCTT-1,1
TGCCAGCTGCGTAT-1,1
TGCCAGCTGTGTCA-1,3
TGCCCAACCTTGCC-1,1
TGCCGACTACACGT-1,1
TGCGAAACAACTGC-1,1
TGCGAAACGGTTTG-1,1
TGCGATGAGCCAAT-1,2
TGCGATGATCCCAC-1,1
TGCGATGATCGTTT-1,1
TGCGATGATGCACA-1,2
TGCGATGATGTGGT-1,1
TGCGCACTCCCTAC-1,2
TGCGTAGAATAAGG-1,1
TGCGTAGACAGGAG-1,1
TGCGTAGACATGCA-1,1
TGCGTAGACATGGT-1,1
TGCGTAGACTCGCT-1,3
TGCGTAGAGAAGGC-1,1
TGCGTAGAGCATCA-1,1
TGCGTAGAGTAGCT-1,1
TGCGTAGATCTCCG-1,1
TGCTAGGAAACCAC-1,1
TGCTAGGAAGCCAT-1,1
TGCTAGGACCTTGC-1,1
TGCTAGGATCAAGC-1,1
TGCTATACGGTTAC-1,2
TGCTATACTGATGC-1,1
TGCTGAGAGTTCAG-1,1
TGCTGAGATCTTCA-1,1
TGCTTAACAAACGA-1,1
TGCTTAACACCAAC-1,1
TGGAAAGACCTTAT-1,1
TGGAAAGACGTGTA-1,1
TGGAAAGATTCTCA-1,3
TGGAAAGATTGTCT-1,3
TGGAAAGATTTCTG-1,3
TGGAAAGATTTGGG-1,1
TGGAACACCTTTAC-1,1
TGGAACACGCGAAG-1,1
TGGAACTGCACTAG-1,1
TGGAACTGCGACAT-1,1
TGGAAGCTTAAAGG-1,2
TGGAAGCTTAGAGA-1,1
TGGACCCTAAAAGC-1,2
TGGACCCTGAGCTT-1,1
TGGACTGAACTCAG-1,1
TGGACTGACATCAG-1,3
TGGACTGACCTATT-1,3
TGGACTGATGCCCT-1,3
TGGACTGATTCTTG-1,1
TGGAGACTAACCGT-1,1
TGGAGACTAAGTAG-1,1
TGGAGACTGGTGGA-1,1
TGGAGACTGTATCG-1,1
TGGAGGGAAACCTG-1,1
TGGAGGGAGTTGAC-1,1
TGGAGGGATTCGCC-1,1
TGGAGGGATTTCTG-1,1
TGGATCGAATCAGC-1,1
TGGATGACGTTGGT-1,1
TGGATGACTTCTTG-1,1
TGGCACCTGCCAAT-1,2
TGGCACCTGTTGAC-1,1
TGGCACCTTTTGTC-1,2
TGGGTATGCCGTAA-1,1
TGGTACGAGCGGAA-1,1
TGGTAGACCGTACA-1,1
TGGTAGACTTCCGC-1,2
TGGTAGTGACAGCT-1,2
TGGTAGTGAGAACA-1,1
TGGTAGTGATCTTC-1,1
TGGTAGTGTGTGCA-1,1
TGGTAGTGTTCACT-1,1
TGGTATCTAAGGTA-1,3
TGGTATCTACTGTG-1,1
TGGTATCTCTTGAG-1,1
TGGTATCTGATACC-1,1
TGGTATCTTTGGTG-1,1
TGGTCAGACCGTTC-1,1
TGGTCAGAGGAGGT-1,1
TGGTCAGAGGTGAG-1,2
TGGTTACTACACTG-1,1
TGGTTACTCCTATT-1,1
TGGTTACTGAGATA-1,1
TGTAAAACAGGCGA-1,1
TGTAAAACCGGAGA-1,1
TGTAAAACTACAGC-1,2
TGTAAAACTTGCTT-1,1
TGTAACCTAGCTAC-1,2
TGTAACCTAGTTCG-1,2
TGTAACCTATGCCA-1,1
TGTAACCTCGCTAA-1,1
TGTAACCTTCCAAG-1,1
TGTAATGACCAAGT-1,1
TGTAATGACCCACT-1,1
TGTAATGACTCATT-1,1
TGTACTTGAACTGC-1,1
TGTACTTGAATGCC-1,1
TGTACTTGACGGGA-1,1
TGTACTTGTTTGGG-1,1
TGTAGGTGAATGCC-1,1
TGTAGGTGACGCTA-1,1
TGTAGGTGAGACTC-1,1
TGTAGGTGGTAAGA-1,1
TGTAGGTGTAGCCA-1,1
TGTAGTCTATCAGC-1,1
TGTAGTCTATGACC-1,1
TGTAGTCTGAAACA-1,1
TGTAGTCTGGTACT-1,1
TGTAGTCTTGCATG-1,3
TGTATCTGCGCAAT-1,1
TGTATGCTCTGAGT-1,1
TGTATGCTGCTTAG-1,1
TGTATGCTTCAGTG-1,1
TGTATGCTTCCTAT-1,1
TGTATGCTTCGTTT-1,1
TGTATGCTTGGAGG-1,2
TGTCAGGATGGGAG-1,1
TGTCAGGATTATCC-1,1
TGTCTAACTCTAGG-1,1
TGTGACGAACGTTG-1,1
TGTGACGACATGCA-1,1
TGTGACGATAGCCA-1,1
TGTGAGACCCTCGT-1,1
TGTGAGACGCGTAT-1,1
TGTGAGACGGTAAA-1,1
TGTGAGTGCTAGCA-1,1
TGTGAGTGGAGACG-1,1
TGTGATCTCTCGAA-1,1
TGTGATCTTCCAAG-1,1
TGTGATCTTCGACA-1,1
TGTGGATGGGTGTT-1,1
TGTGGATGGTACAC-1,1
TGTTAAGAAAGTGA-1,1
TGTTAAGAAGGCGA-1,2
TGTTAAGACCCACT-1,1
TGTTAAGATCTTTG-1,1
TGTTAAGATGCACA-1,1
TGTTACACACGGGA-1,1
TGTTACACCGCCTT-1,3
TGTTACACGTGTAC-1,1
TGTTACACTTCATC-1,1
TGTTACTGCGCTAA-1,1
TGTTACTGTGAGCT-1,1
TTAACCACCCCTTG-1,1
TTAACCACCTTAGG-1,1
TTACGTACAGTACC-1,1
TTACGTACATCTTC-1,1
TTACTCGACGTGAT-1,1
TTACTCGACTTCCG-1,1
TTACTCGAGGATTC-1,1
TTACTCGATATGGC-1,2
TTACTCGATTTACC-1,3
TTAGAATGAAAGCA-1,1
TTAGAATGCACAAC-1,1
TTAGAATGTCCCAC-1,1
TTAGAATGTTGACG-1,1
TTAGACCTAGAGTA-1,2
TTAGACCTCCTTCG-1,1
TTAGACCTGGGACA-1,1
TTAGACCTTGGTGT-1,1
TTAGCTACCATACG-1,2
TTAGGGACACTAGC-1,1
TTAGGGACCCTCAC-1,1
TTAGGGACTGGTGT-1,1
TTAGGGTGCTGTCC-1,1
TTAGGGTGTTGAGC-1,1
TTAGGTCTCTGCTC-1,1
TTAGGTCTGGATCT-1,1
TTAGGTCTTCGCTC-1,1
TTAGGTCTTGACCA-1,1
TTAGGTCTTTTCAC-1,3
TTAGTCACAGTCAC-1,2
TTAGTCACCGTTGA-1,1
TTAGTCTGGGCGAA-1,2
TTAGTCTGTGGTGT-1,2
TTATCCGATCTAGG-1,3
TTATGAGAAAAGCA-1,1
TTATGAGATATTCC-1,2
TTATGCACAAACGA-1,3
TTATGCACCTCGCT-1,1
TTATGGCTCTGTCC-1,1
TTATTCCTCATCAG-1,1
TTATTCCTGTAAAG-1,1
TTCAAAGACCACCT-1,2
TTCAAAGACCTTCG-1,1
TTCAAAGACGTACA-1,1
TTCAAAGAGTTACG-1,1
TTCAACACCTATTC-1,1
TTCAAGCTACCTTT-1,1
TTCACAACATCTTC-1,1
TTCACAACCCTATT-1,1
TTCACAACGGTTTG-1,2
TTCACCCTATCAGC-1,1
TTCACCCTGTTACG-1,2
TTCAGACTATCAGC-1,1
TTCAGACTGGTAGG-1,1
TTCAGACTTTGTCT-1,1
TTCAGTTGAACAGA-1,1
TTCAGTTGCATGAC-1,2
TTCAGTTGCTGTAG-1,1
TTCATCGAGTTCAG-1,1
TTCATCGATACAGC-1,2
TTCATCGATAGACC-1,1
TTCATCGATATCTC-1,1
TTCATCGATCTCAT-1,1
TTCATGACACACTG-1,1
TTCATGACATGGTC-1,1
TTCATGACTGCAAC-1,1
TTCATTCTACCCTC-1,1
TTCATTCTTAGAGA-1,1
TTCATTCTTTCTTG-1,1
TTCATTCTTTTGGG-1,1
TTCCAAACAGGTTC-1,1
TTCCAAACCACAAC-1,1
TTCCAAACTGCTAG-1,1
TTCCATGAAGCTAC-1,3
TTCCCACTTTCACT-1,1
TTCGAGGAACACAC-1,1
TTCGAGGAATTCGG-1,1
TTCGAGGAGCAGTT-1,2
TTCGAGGATGCTTT-1,1
TTCGATTGAACAGA-1,1
TTCGATTGTATGGC-1,2
TTCGGAGAGGTTTG-1,1
TTCGTATGCACTCC-1,1
TTCGTATGTGGGAG-1,1
TTCTAGTGAAGGCG-1,1
TTCTCAGAACTGGT-1,1
TTCTCAGAATGCTG-1,1
TTCTCAGACCGCTT-1,1
TTCTCAGAGTCTTT-1,1
TTCTCAGATAACCG-1,1
TTCTGATGCTCTAT-1,2
TTCTGATGGCTGTA-1,3
TTCTGATGTCACGA-1,1
TTGAACCTACGTTG-1,1
TTGAACCTATGCCA-1,1
TTGAACCTTACGCA-1,1
TTGAATGAACGACT-1,1
TTGAATGACCGTAA-1,1
TTGAATGACGAATC-1,1
TTGACACTCTGCAA-1,2
TTGACACTTAACCG-1,1
TTGAGGACTCCTAT-1,3
TTGAGGACTGCTGA-1,2
TTGATCTGACCAAC-1,3
TTGATCTGCGTTAG-1,2
TTGATCTGCTTATC-1,3
TTGCTAACGTCTGA-1,2
TTGCTATGGCAGTT-1,1
TTGGAGACGCTATG-1,1
TTGGAGTGGAGACG-1,1
TTGGAGTGGTACAC-1,2
TTGGAGTGTGACTG-1,3
TTGGAGTGTTCTAC-1,1
TTGGGAACCATCAG-1,2
TTGGGAACTGTTCT-1,1
TTGGGAACTTCACT-1,1
TTGGGAACTTTGGG-1,1
TTGGTACTGAGCAG-1,1
TTGGTACTTGAGGG-1,2
TTGGTACTTGCAGT-1,2
TTGGTACTTTACCT-1,3
TTGTACACCCCTCA-1,3
TTGTACACGGTTAC-1,1
TTGTACACGTACCA-1,1
TTGTACACTCAAGC-1,1
TTGTAGCTCCTTAT-1,3
TTGTAGCTGCATAC-1,3
TTGTCATGAAGAAC-1,2
TTGTCATGAGAAGT-1,1
TTGTCATGCACTCC-1,1
TTGTCATGCTGACA-1,1
TTGTCATGTAGAGA-1,1
TTGTCATGTGTTTC-1,1
TTTAGAGAAAAGCA-1,2
TTTAGAGAGGAAAT-1,1
TTTAGAGATGAACC-1,1
TTTAGCTGCGTAAC-1,1
TTTAGCTGCGTCTC-1,1
TTTAGCTGGCGATT-1,3
TTTAGCTGGCTGTA-1,3
TTTAGCTGTCGCTC-1,1
TTTAGGCTTCCAAG-1,1
TTTATCCTACGGAG-1,3
TTTATCCTAGCTCA-1,1
TTTATCCTTCTTCA-1,1
TTTCACGACGACAT-1,1
TTTCACGAGAGGAC-1,1
TTTCACGAGGTTCA-1,1
TTTCACGATCCTGC-1,1
TTTCACGATTTGCT-1,1
TTTCAGTGAAGCCT-1,2
TTTCAGTGAAGGTA-1,1
TTTCAGTGCATGGT-1,2
TTTCCAGAACACGT-1,1
TTTCCAGAATGGTC-1,1
TTTCCAGAGGGATG-1,1
TTTCGAACAGCTAC-1,1
TTTCGAACGACGTT-1,1
TTTCGAACTACAGC-1,2
TTTCGAACTCTAGG-1,1
TTTCTACTAGAACA-1,1
TTTGACTGGACAGG-1,1
TTTGCATGAAGTAG-1,3
TTTGCATGGAATGA-1,1
